filename, dry, normal, oily
cropped_chin_1696927014_jpg.rf.e97ce8c64df0c821dabaf9e1072f5f3d.jpg, 1, 0, 0
cropped_forehead_1696929680_jpg.rf.e65f65fd6305e6404c81f769b9205966.jpg, 0, 0, 1
cropped_left_cheek_1696929695_jpg.rf.e88717f6dcbcf124d914777e2460b157.jpg, 0, 0, 1
cropped_right_cheek_1696927023_jpg.rf.e79589ca52235ece2f0da864db07e38f.jpg, 1, 0, 0
cropped_chin_1696929679_jpg.rf.e91445af2403ca36f98fe48bb3653247.jpg, 0, 0, 1
oily_skin-1-_jpg.rf.ee4de4a919d727b40a97c314d72ddfea.jpg, 0, 0, 1
cropped_chin_1696929884_jpg.rf.ea1b5697dbefd81b16d9149be1823d10.jpg, 0, 1, 0
cropped_chin_1696929690_jpg.rf.ec008706379a56904ec10cb6199c0808.jpg, 0, 0, 1
cropped_forehead_1696927018_jpg.rf.e783a9736ff9c597b09eb2d38146b0bb.jpg, 1, 0, 0
istockphoto-1445376040-612x612_jpg.rf.e6c705b4d12e676a76908e8371ebebc3.jpg, 0, 0, 1
cropped_forehead_1696929694_jpg.rf.ebd86104c44ea847fbcfb1afa30984f2.jpg, 0, 0, 1
cropped_right_cheek_1696929887_jpg.rf.eca48cd4b7b0ef1fedad107328653ff0.jpg, 0, 1, 0
cropped_right_cheek_1696929695_jpg.rf.ee9253562eb8b57e69e82aaa43eaaa87.jpg, 0, 0, 1
oily_skin-3-_jpg.rf.ede6c79a759e5ba0771f23969c2c660d.jpg, 0, 0, 1
cropped_left_cheek_1696929894_jpg.rf.ede9b234449e546867904bbdb9ca6b29.jpg, 0, 1, 0
augOily_7_jpg.rf.e75a836aecb1e6e03e6ff4d1ade3404c.jpg, 0, 0, 1
cropped_forehead_1696929893_jpg.rf.e661d0c1e3a0263b3df4a5affab2941b.jpg, 0, 1, 0
10-thumbnail_webp.rf.eeb2fc56f994353243ac3ee8fa457d88.jpg, 0, 0, 1
cropped_chin_1696929896_jpg.rf.ea496e09d5e42a385e11cdc6614928ea.jpg, 0, 1, 0
cropped_forehead_1696929889_jpg.rf.ec750214d6987764e24578c8055668c1.jpg, 0, 1, 0
cropped_right_cheek_1696927015_jpg.rf.eed1f5bfbd57986cc39d71fb1135885b.jpg, 1, 0, 0
cropped_forehead_1696929893_jpg.rf.ebd0fe79ce2c729d810f172bbd9db5ff.jpg, 0, 1, 0
cropped_chin_1696927032_jpg.rf.e689c0c8f0bb7251595951403992881f.jpg, 1, 0, 0
glowrecipe_plummodel_0559_webp.rf.e9beba89410d9baabc3e09992bd484ee.jpg, 0, 0, 1
cropped_chin_1696927032_jpg.rf.efe29d72093048fa8cf69d59a44345aa.jpg, 1, 0, 0
cropped_right_cheek_1696929695_jpg.rf.edd9eb3cec30fa31d3f1e791f54ceac3.jpg, 0, 0, 1
cropped_forehead_1696927018_jpg.rf.ea1bde72ee32e9bb725ca289708aec1b.jpg, 1, 0, 0
cropped_right_cheek_1696929886_jpg.rf.eeb8769120f7ca160a7ef18df2ef06ed.jpg, 0, 1, 0
cropped_left_cheek_1696929690_jpg.rf.f0924cf757493a2a43c322e8ad35be8c.jpg, 0, 0, 1
cropped_right_cheek_1696929901_jpg.rf.efc19c67eac1d59eacf4bda7f8a47ea7.jpg, 0, 1, 0
oily_skin2_jpg.rf.f11dbb6b8ad534771a2d519efed942d6.jpg, 0, 0, 1
cropped_chin_1696929680_jpg.rf.ef435dc7c81776236aa704e43dbece0e.jpg, 0, 0, 1
cropped_chin_1696929900_jpg.rf.f11842fe0f878059375bea06f805f342.jpg, 0, 1, 0
cropped_chin_1696929691_jpg.rf.f0f3662712c42f3e1fd9cae0d87bcd9d.jpg, 0, 0, 1
cropped_forehead_1696929687_jpg.rf.f183fc9942c805c1556fe8e75ebd772f.jpg, 0, 0, 1
cropped_forehead_1696927029_jpg.rf.f2ae274904de4fb1e6bb592543ca8c9d.jpg, 1, 0, 0
1_webp.rf.f131cc9caffaefc2c392e38b20a77ee8.jpg, 0, 0, 1
cropped_chin_1696929896_jpg.rf.f07853a8c7e90a8e3a119ede8929dccf.jpg, 0, 1, 0
cropped_forehead_1696927031_jpg.rf.f1a92d0cd99379cf1704ae3a0ab8603f.jpg, 1, 0, 0
cropped_chin_1696929885_jpg.rf.ef9c579c0a26e840858265013448226a.jpg, 0, 1, 0
dry_skin1_jpg.rf.f30a8b8532e3c4b2c76ca4ad5ee11e93.jpg, 1, 0, 0
normal_skin11_jpg.rf.f2a33d0d96ccb2c0c276f4e6c5f6f5d0.jpg, 0, 1, 0
oily_skin1_jpg.rf.f2ab68fc2be7f7659f4729a9f59a5d4b.jpg, 0, 0, 1
cropped_forehead_1696929886_jpg.rf.f3221743bd9954a91bb08f0c9f90a8f7.jpg, 0, 1, 0
cropped_left_cheek_1696929900_jpg.rf.f33dab58e2e6d5e7f03a61c99b465d4c.jpg, 0, 1, 0
cropped_left_cheek_1696929679_jpg.rf.f0242d2d8db514d1d735454cdce9e9a9.jpg, 0, 0, 1
cropped_chin_1696927023_jpg.rf.f35bb9e92defc28b0deaaa51d7df0df8.jpg, 1, 0, 0
cropped_right_cheek_1696929696_jpg.rf.f24b00f02e6a9bc310fa53f3cc125222.jpg, 0, 0, 1
cropped_chin_1696927030_jpg.rf.f369257bb178e00d7e02926c5a63329c.jpg, 1, 0, 0
dry_skin-2_jpg.rf.f38c541df68c40c58a6b0e26688659ee.jpg, 1, 0, 0
maxresdefault-1-3_jpg.rf.f347751650bc5ba8ed70d2f780987624.jpg, 0, 0, 1
cropped_forehead_1696929886_jpg.rf.f3c904d28228e5b438c0c3ebf5d5f41f.jpg, 0, 1, 0
cropped_right_cheek_1696929688_jpg.rf.f415e9b8236b723f1bfd98da5a7789cc.jpg, 0, 0, 1
normal_skin9_jpg.rf.f3fa402dd327ce30183599222984b39e.jpg, 0, 1, 0
cropped_right_cheek_1696929679_jpg.rf.f43ddd240f0e1ab0fc95ae9ec6ff4129.jpg, 0, 0, 1
dry_skin-1-_jpg.rf.f42a13bf472a0509998aecb8fef6e14a.jpg, 1, 0, 0
cropped_chin_1696929899_jpg.rf.f36bdb3e976557069f122f8634d7f420.jpg, 0, 1, 0
437vtvelbi061_jpg.rf.f4332c2d1b9555f22ad2a332bdcc5824.jpg, 0, 0, 1
cropped_right_cheek_1696929696_jpg.rf.f5ea09f2d21c954e8027970761c6773b.jpg, 0, 0, 1
cropped_right_cheek_1696927022_jpg.rf.f66d43b8b07aef926f63037f58524698.jpg, 1, 0, 0
oily_skin-2-_jpg.rf.f43eeb619e1f113235d951e6de4529e2.jpg, 0, 0, 1
normal_skin5_jpg.rf.f7365482227052a3c0c8553f3bfc712c.jpg, 0, 1, 0
GettyImages-1080601806-8981db8ac0614abe9eb7e0f0c92bb890_webp.rf.f6061a9d4840a8d813272603a87a387b.jpg, 1, 0, 0
dryskin2-scaled-1_jpeg.rf.f889786836f2f971fb2d0c781bc49aa3.jpg, 1, 0, 0
cropped_left_cheek_1696929696_jpg.rf.f91d19237ac0d9b171247f2e4795e3b9.jpg, 0, 0, 1
cropped_left_cheek_1696929893_jpg.rf.f8771cdd096d3c2138611d8b62e95cd6.jpg, 0, 1, 0
dry_skin-1-_jpg.rf.f7e6fa72371a368f099445c041e1c057.jpg, 1, 0, 0
cropped_right_cheek_1696929679_jpg.rf.f67409ae83dea4d5df146952ada7a323.jpg, 0, 0, 1
oily_skin2_jpg.rf.f8319c4eda34b3a03e602e92e4475265.jpg, 0, 0, 1
normal_skin6_jpg.rf.f49661ad855c148fbbe862a8fcd8bed0.jpg, 0, 1, 0
cropped_right_cheek_1696927015_jpg.rf.f6db6cdf42f5c6d6b0c6dca7e0a5db0c.jpg, 1, 0, 0
normal_skin4_jpg.rf.f98f51330b9640e890f2dd0e87ea5c3a.jpg, 0, 1, 0
cropped_chin_1696927032_jpg.rf.f58d0cea2d69b04f9bd2655dd07cac62.jpg, 1, 0, 0
normal_skin-15-_jpg.rf.fb2933141f30c6359f493e8da9d16d58.jpg, 0, 1, 0
normal_skin12_jpg.rf.f70d799aa449cd1e2ab0015bf8c4d830.jpg, 0, 1, 0
cropped_forehead_1696929691_jpg.rf.fa833833b434df00fee7a8a3edca9d43.jpg, 0, 0, 1
cropped_left_cheek_1696927027_jpg.rf.fa6c56c24ac2b9ff8a2eff91377ed09e.jpg, 1, 0, 0
cropped_left_cheek_1696929679_jpg.rf.fa7d13e973978fbec704fa8d70d3f367.jpg, 0, 0, 1
woman-dry-skin-on-face-600nw-2235763147_webp.rf.f9ff349ef403f2372ec0746e1964064f.jpg, 1, 0, 0
cropped_right_cheek_1696929695_jpg.rf.fc768879600b5a065388643691d8426e.jpg, 0, 0, 1
oily_skin-4-_jpg.rf.f8f9cf54642c42b573c9b3a8840f5656.jpg, 0, 0, 1
oily_skin-4-_jpg.rf.fc05f96fd5514fa350b052d1a2a72cfd.jpg, 0, 0, 1
cropped_forehead_1696927031_jpg.rf.fbb18ba8e293311b0334cf257c8aa966.jpg, 1, 0, 0
cropped_chin_1696929888_jpg.rf.fd6410cefa24acf373f7de46e009a678.jpg, 0, 1, 0
cropped_chin_1696929695_jpg.rf.fe899b399e5e907196847044d2d4fe88.jpg, 0, 0, 1
cropped_chin_1696929899_jpg.rf.fdbf85f5f31bee3a92fd1d061d8cba22.jpg, 0, 1, 0
cropped_left_cheek_1696929888_jpg.rf.fbe499b5f576e0acb4553f2da88caae4.jpg, 0, 1, 0
normal_skin7_jpg.rf.ff3606efbbbcea07e2808423bf3e05cd.jpg, 0, 1, 0
cropped_forehead_1696927032_jpg.rf.f9b6297c498da8e514ca981fc1fff7b2.jpg, 1, 0, 0
cropped_left_cheek_1696927032_jpg.rf.fdef49b34ae4516f4e94fa80e0f6b45f.jpg, 1, 0, 0
cropped_left_cheek_1696927015_jpg.rf.fe3620d1c7f7864de0d2eda8f4a4b7d2.jpg, 1, 0, 0
cropped_forehead_1696929900_jpg.rf.fdc80d0634a37370a14d0fac662ea8e1.jpg, 0, 1, 0
cropped_forehead_1696929886_jpg.rf.fe334e27ed9420e739e374eb2a80b003.jpg, 0, 1, 0
dry_skin1_jpg.rf.fef1b326d67067188a7e2cfc4ecdf1db.jpg, 1, 0, 0
what-is-oily-skin-1_webp.rf.fcc08eb0f4f775cfa3bccab747158abb.jpg, 0, 0, 1
normal_skin9_jpg.rf.faff2e0c40d63e87560a3b9a68937220.jpg, 0, 1, 0
cropped_chin_1696929896_jpg.rf.00c8ccef867b4e4522325612aa7dc3a2.jpg, 0, 1, 0
cropped_left_cheek_1696929680_jpg.rf.00e570235450668f4e9c009bc2bea556.jpg, 0, 0, 1
cropped_chin_1696929679_jpg.rf.0147010fb97ab5240137deef3de74fba.jpg, 0, 0, 1
normal_skin1_jpg.rf.014b38feabaa941cdace153a3454ac7a.jpg, 0, 1, 0
cropped_forehead_1696929680_jpg.rf.01a66c71cfdd919d5215da14de2f6e31.jpg, 0, 0, 1
cropped_forehead_1696927029_jpg.rf.00622e5596fbf90b585cc1b94a7b2415.jpg, 1, 0, 0
normal_skin10_jpg.rf.013f676224b155aa38509a118fa227a5.jpg, 0, 1, 0
cropped_chin_1696929684_jpg.rf.0288459a485e9f38e816c8e5ce31b9cc.jpg, 0, 0, 1
cropped_left_cheek_1696929900_jpg.rf.01c6c1f565882e3e92338b8447269455.jpg, 0, 1, 0
437vtvelbi061_jpg.rf.01b40563fbf227469386612781bb330e.jpg, 0, 0, 1
cropped_chin_1696929885_jpg.rf.023f14a88b04b08c4955f73ea4141fa2.jpg, 0, 1, 0
cropped_forehead_1696929900_jpg.rf.03f83661ef698243cabef8180e2d8da8.jpg, 0, 1, 0
normal_skin7_jpg.rf.0222823d314ebae7f4a003eb825ef4e1.jpg, 0, 1, 0
oily_skin-5-_jpg.rf.056fc3f0e9aae23dcc2b89a4d2543ccc.jpg, 0, 0, 1
cropped_forehead_1696929695_jpg.rf.03d45429d4decf0906573145210ee620.jpg, 0, 0, 1
cropped_right_cheek_1696929695_jpg.rf.023ffbae7b337a9aa391b9ca1a757027.jpg, 0, 0, 1
cropped_right_cheek_1696929686_jpg.rf.02cf3249d8bf1e20578811037f22ebb0.jpg, 0, 0, 1
cropped_right_cheek_1696929695_jpg.rf.01bc4e1ed7875d6a964675c7e6ad0700.jpg, 0, 0, 1
cropped_left_cheek_1696927015_jpg.rf.05c9ca8ee5267077c2ac6f6d72fb8e95.jpg, 1, 0, 0
cropped_left_cheek_1696927022_jpg.rf.024233726989897be9b0dcd8db15d024.jpg, 1, 0, 0
cropped_right_cheek_1696929893_jpg.rf.04af96f6f66588ce699cb5ea72dfb391.jpg, 0, 1, 0
cropped_chin_1696929695_jpg.rf.057d0fe37a26b1d763079c4c37762c5e.jpg, 0, 0, 1
cropped_chin_1696929690_jpg.rf.0330857db20916c30dec9ef5806c68ed.jpg, 0, 0, 1
cropped_forehead_1696929898_jpg.rf.033de82cbb631cef068b589d59b832e5.jpg, 0, 1, 0
cropped_forehead_1696927020_jpg.rf.03228dd45cddb06b8ce998a7a48f6f48.jpg, 1, 0, 0
cropped_chin_1696927015_jpg.rf.01d5dfa9de7411b90b77a0179d72430d.jpg, 1, 0, 0
normal_skin_jpg.rf.043f0f3b9432989931e0493ab3efc200.jpg, 0, 1, 0
cropped_right_cheek_1696927019_jpg.rf.05de382824d5b43c6b30a8a20fbe66bb.jpg, 1, 0, 0
cropped_left_cheek_1696927027_jpg.rf.0658b5d741f37292de9faeb3f3ee0420.jpg, 1, 0, 0
cropped_right_cheek_1696929680_jpg.rf.02c0338d3d8ae92dfd608366454f729d.jpg, 0, 0, 1
cropped_right_cheek_1696929887_jpg.rf.024b06741e79b7ac903e87ddc4db9e78.jpg, 0, 1, 0
dry_skin1_jpg.rf.0750683faab9032056a0f743ae7ca5b8.jpg, 1, 0, 0
600x400_Tips_Article_1_jpg.rf.04a3a4f4b833de6c7061c208a43e49fd.jpg, 0, 0, 1
cropped_chin_1696929887_jpg.rf.06bf3b7e34ed7bd9ffaacf33a118437d.jpg, 0, 1, 0
istockphoto-1445376040-612x612_jpg.rf.0778dc21332be8a44fd07efb938d9226.jpg, 0, 0, 1
oily_skin-2-_jpg.rf.081ce05874ef6aed9573ebdba5616bae.jpg, 0, 0, 1
cropped_forehead_1696927031_jpg.rf.06a76348f30458fe1cef6d062fe20138.jpg, 1, 0, 0
cropped_right_cheek_1696927019_jpg.rf.02bbc31b04025c35f222951ff6ab615c.jpg, 1, 0, 0
cropped_chin_1696929679_jpg.rf.08095906a174752ff3cbf037d1d0f78c.jpg, 0, 0, 1
cropped_forehead_1696929690_jpg.rf.084b8812ca439a359d5053792e221e85.jpg, 0, 0, 1
oily_skin-5-_jpg.rf.0810fdd5d37105b652bd4bdce45d15a8.jpg, 0, 0, 1
normal_skin9_jpg.rf.0899e949106660fe2a23f27d16649e4a.jpg, 0, 1, 0
normal_skin3_jpg.rf.087096476334a0ccf4bfe53b1245b858.jpg, 0, 1, 0
cropped_right_cheek_1696927022_jpg.rf.0c6187453a151b7b8bc94b4eacfb98b7.jpg, 1, 0, 0
cropped_right_cheek_1696927031_jpg.rf.083604f6334ed0562ea0146c9ee7055f.jpg, 1, 0, 0
cropped_chin_1696929679_jpg.rf.09c3f2d10e39a3371670fd7b8248016f.jpg, 0, 0, 1
oily_skin-9-_jpg.rf.092657ed6bd1d35ae11b50357e970b1d.jpg, 0, 0, 1
cropped_chin_1696929900_jpg.rf.08ee2422d31da53e9656bd0afb5118f1.jpg, 0, 1, 0
cropped_chin_1696927014_jpg.rf.0b331f473ad42fd98a4e376cbd943a9b.jpg, 1, 0, 0
cropped_left_cheek_1696927032_jpg.rf.0a4eddd3d825fd5f2ecd9d6398dd318e.jpg, 1, 0, 0
cropped_chin_1696929889_jpg.rf.0a81abcad47a14dadd02bf19a2d3f2ac.jpg, 0, 1, 0
cropped_forehead_1696929884_jpg.rf.0c1e97237e52780254c5604ef2b09525.jpg, 0, 1, 0
oily_skin-2-_jpg.rf.0a8979cd98dd103eb4e71b979dddbb70.jpg, 0, 0, 1
normal_skin3_jpg.rf.09f4a7e875984183d11aa8fbc13dbd04.jpg, 0, 1, 0
normal_skin9_jpg.rf.0a0efcc183bfdcaba96ca3364b00a415.jpg, 0, 1, 0
normal_skin12_jpg.rf.0c19cd78d9c8137f2af7ec6be36d1b76.jpg, 0, 1, 0
cropped_forehead_1696929691_jpg.rf.0bf41b0174cb787ed83227abc102cf4e.jpg, 0, 0, 1
oily_skin-6_jpg.rf.09f978b99d893a16616848bc95368d74.jpg, 0, 0, 1
cropped_left_cheek_1696927030_jpg.rf.09f082fad415a17dd13699aeca909f21.jpg, 1, 0, 0
cropped_chin_1696927014_jpg.rf.0d9452222718eab9cf5fbc93084304c0.jpg, 1, 0, 0
cropped_chin_1696927014_jpg.rf.0912c3c6f6f2713bfa13b7bfddff1e67.jpg, 1, 0, 0
cropped_chin_1696929897_jpg.rf.0da54489a361efbe04bc6e3c03a264c7.jpg, 0, 1, 0
cropped_right_cheek_1696929691_jpg.rf.0bbd17e47a834514a89b6511de004975.jpg, 0, 0, 1
cropped_right_cheek_1696929884_jpg.rf.0e89c08c212c9922be3233c551108286.jpg, 0, 1, 0
oily_skin-2-_jpg.rf.0dcc3ff1939f7009e3585b50ff884c50.jpg, 0, 0, 1
cropped_chin_1696927031_jpg.rf.0d2561333dc12e2e7cb87312066a7905.jpg, 1, 0, 0
cropped_forehead_1696927020_jpg.rf.0e5d8a448f13ebc6ccd196ffa2e095a8.jpg, 1, 0, 0
cropped_forehead_1696927029_jpg.rf.0e15c0a67d32404f214e57ac399bc756.jpg, 1, 0, 0
cropped_right_cheek_1696929691_jpg.rf.0e12753124e5cba68dc1781382717814.jpg, 0, 0, 1
cropped_forehead_1696927031_jpg.rf.0df3d08c80fe4a47e3a513957b5825cc.jpg, 1, 0, 0
normal_skin6_jpg.rf.09626a30e2032b4a8ee9dfa9390fb615.jpg, 0, 1, 0
cropped_left_cheek_1696929690_jpg.rf.0e1e340fcdd7ab8d8aed40df084a3eb9.jpg, 0, 0, 1
wcvzit8ajwob1_webp.rf.0f776f940166ea17f97b99234214130e.jpg, 0, 0, 1
cropped_left_cheek_1696929898_jpg.rf.0fa44f965d3d348a47e345c6f5d6417b.jpg, 0, 1, 0
oily_skin1_jpg.rf.10f144193dfaf79d99dd83b7b7f79145.jpg, 0, 0, 1
cropped_left_cheek_1696927022_jpg.rf.101433c501fddfa938f4d71124cf9826.jpg, 1, 0, 0
cropped_right_cheek_1696929679_jpg.rf.108692355a854cb2922b3fd6c9fb54cb.jpg, 0, 0, 1
oily_skin-2-_jpg.rf.10bfb9c9fc68f56fafc63bac17c711d3.jpg, 0, 0, 1
closeup-girl-sweaty-skin-on-260nw-2374664395_webp.rf.0e79324e939b7f32a9c88a42051ca71a.jpg, 0, 0, 1
closeup-girl-sweaty-skin-on-260nw-2374664395_webp.rf.10094e13c6cfd9a9d6a30a6225cfc711.jpg, 0, 0, 1
cropped_forehead_1696927016_jpg.rf.123ec85ef093121f8ea1384db5152e6f.jpg, 1, 0, 0
cropped_right_cheek_1696929680_jpg.rf.10c05b8ca0f584cd36a906be79c7071d.jpg, 0, 0, 1
cropped_right_cheek_1696927016_jpg.rf.110d5f691dd6a5d08496e0deb1ba849a.jpg, 1, 0, 0
cropped_forehead_1696929893_jpg.rf.10c4ff2e1b67ef32074d43bdb8246d4a.jpg, 0, 1, 0
oily_skin-12-_jpg.rf.124931822794ea026e7e0bfeae62fc25.jpg, 0, 0, 1
cropped_left_cheek_1696929893_jpg.rf.125a0d9ec85e8d2e165feaf7e1d9797b.jpg, 0, 1, 0
cropped_right_cheek_1696927023_jpg.rf.10c74280c4e182c51dbb79c6125cef79.jpg, 1, 0, 0
normal_skin10_jpg.rf.114fbae41133681b13ef27241488507a.jpg, 0, 1, 0
cropped_left_cheek_1696929897_jpg.rf.1316861660e3d1c4f59fef00e75b90f3.jpg, 0, 1, 0
cropped_right_cheek_1696929680_jpg.rf.1385eb93c23d40fe39d51ba118d9f487.jpg, 0, 0, 1
cropped_chin_1696927015_jpg.rf.0ef7bb5cc39cb303437e2c4bab3f8744.jpg, 1, 0, 0
cropped_left_cheek_1696929690_jpg.rf.134beccc129b4e2ca295f97d003de745.jpg, 0, 0, 1
oily_skin2_jpg.rf.0f0b1f71542e9049343bcdf5555b6469.jpg, 0, 0, 1
oily_skin-6_jpg.rf.11b330f0366ce05337a8d2c6606f442b.jpg, 0, 0, 1
cropped_chin_1696929896_jpg.rf.139593f79394c96a8bc822eff9e9bce3.jpg, 0, 1, 0
dry_skin-1-_jpg.rf.1267f8e77fda4f505585fe6f07d1e75d.jpg, 1, 0, 0
oily_skin-7_jpg.rf.13acc42585ef24faae04167a0ae07e5b.jpg, 0, 0, 1
cropped_chin_1696929679_jpg.rf.15d5b587906aa9c46aac7b3f82723bfe.jpg, 0, 0, 1
dry_skin4_jpg.rf.14b9a1e683374ad1f30900580902f323.jpg, 1, 0, 0
cropped_chin_1696929884_jpg.rf.1651c62026708c0f98fa2f3da8e6265e.jpg, 0, 1, 0
normal_skin10_jpg.rf.18c44c9ab5b5cad2c0f3c07a6c116b15.jpg, 0, 1, 0
normal_skin-15-_jpg.rf.1679e3ac7a81b7cb17839579355eed37.jpg, 0, 1, 0
oily_skin2_jpg.rf.16879c391ebd2b1e4af539113edf98d3.jpg, 0, 0, 1
tips-for-dry-skin_jpg.rf.13e7326637ec63740fef0676b63f58e0.jpg, 1, 0, 0
dry_skin3_jpg.rf.170a8e506097f25d221387dee1f37d92.jpg, 1, 0, 0
cropped_forehead_1696929691_jpg.rf.185d7ef19f3883bcc84024eddb260a44.jpg, 0, 0, 1
cropped_left_cheek_1696929686_jpg.rf.1569ee06befb859f6fac0966f6c27ea1.jpg, 0, 0, 1
cropped_forehead_1696927019_jpg.rf.185c44b8a6046264a0bab838a906622d.jpg, 1, 0, 0
cropped_chin_1696929680_jpg.rf.1827026c675aa5e4ffd6601f86f05bea.jpg, 0, 0, 1
cropped_forehead_1696929885_jpg.rf.17b8a031bfa35ff25deaf6442a6356cf.jpg, 0, 1, 0
1-1-_webp.rf.18194c207249aa0df71bba4870d8f365.jpg, 0, 0, 1
cropped_right_cheek_1696927016_jpg.rf.15443e6c6b1fd802c3ec7bb56c6ca400.jpg, 1, 0, 0
normal_skin4_jpg.rf.19685550bde42ca81dbb1ed5580f30d1.jpg, 0, 1, 0
dry_skin1_jpg.rf.196325cc86e4b92398a8b6e6afe11948.jpg, 1, 0, 0
oily_skin2_jpg.rf.1942f72f98540a887820ce28f21d07da.jpg, 0, 0, 1
normal_skin4_jpg.rf.187842104825ca8dc86d817a5fb12b0d.jpg, 0, 1, 0
cropped_chin_1696929900_jpg.rf.19090db6295012cb68fed00959ec8ba6.jpg, 0, 1, 0
cropped_forehead_1696929695_jpg.rf.19ed61acb3991bd1c87f50d1df63e735.jpg, 0, 0, 1
cropped_chin_1696927018_jpg.rf.1a0f27d5823d3f5735af803abc553a39.jpg, 1, 0, 0
normal_skin4_jpg.rf.1a31f945a9ed7548b08c2ec455c41b1b.jpg, 0, 1, 0
cropped_forehead_1696929901_jpg.rf.1689204b974c337045f96ec953496925.jpg, 0, 1, 0
cropped_right_cheek_1696929679_jpg.rf.1b2f5e054c04871ad2af1cff7d2ff049.jpg, 0, 0, 1
cropped_forehead_1696927024_jpg.rf.1519347f7d04f3567300601d417468d9.jpg, 1, 0, 0
shiny-face-oily-skin_webp.rf.18d38632478b40028d6d33f40b1a3209.jpg, 0, 0, 1
cropped_left_cheek_1696929893_jpg.rf.1a01ab83e81864bcd16085db55392dc9.jpg, 0, 1, 0
cropped_right_cheek_1696929884_jpg.rf.1c082534dfbaf1801c8b14d86f97f379.jpg, 0, 1, 0
cropped_left_cheek_1696929889_jpg.rf.1bd8a41d56a13ae87030c92c49ce66b0.jpg, 0, 1, 0
cropped_chin_1696929897_jpg.rf.1957cf899af5f173f5443c97a696a815.jpg, 0, 1, 0
cropped_right_cheek_1696929680_jpg.rf.1a83e5f1bc46f5bb9c71fc4ab50ae97e.jpg, 0, 0, 1
normal_skin_jpg.rf.1da462b12a726f904ae1a728a4dcdca4.jpg, 0, 1, 0
cropped_right_cheek_1696929680_jpg.rf.1babc7143cc3acfa2502cb0f3655ab06.jpg, 0, 0, 1
oily_skin-1-_jpg.rf.1cd03c3bac1cccb43de01fdacdb026a8.jpg, 0, 0, 1
cropped_chin_1696929695_jpg.rf.1aa7aef8fba8ab769a427d215c3af194.jpg, 0, 0, 1
cropped_right_cheek_1696927031_jpg.rf.1dc4152f7953ce987155cf13faa8f507.jpg, 1, 0, 0
cropped_chin_1696929680_jpg.rf.1c9063b7d205d8a090796d0362b89bae.jpg, 0, 0, 1
cropped_forehead_1696929685_jpg.rf.1b182d0780e1c9c45998da9cc5c8dd7d.jpg, 0, 0, 1
normal_skin10_jpg.rf.1d643910bf11329d14af38894885122e.jpg, 0, 1, 0
normal_skin4_jpg.rf.1fe0d95d7ea579cec2836e7b5eb296c0.jpg, 0, 1, 0
cropped_chin_1696929680_jpg.rf.1e23be190acacb065271ef0075ea24a5.jpg, 0, 0, 1
oily_skin-5-_jpg.rf.1e919f4d2c85a875732e006f097c78d6.jpg, 0, 0, 1
cropped_right_cheek_1696929688_jpg.rf.1ea4f84415262e5f21dbd8cbb611c396.jpg, 0, 0, 1
cropped_right_cheek_1696929686_jpg.rf.1d3303a176ec6719d872de3f274816d2.jpg, 0, 0, 1
oily_skin2_jpg.rf.20467a033a0df2493c8b4279389b2699.jpg, 0, 0, 1
cropped_right_cheek_1696927016_jpg.rf.1cda345bb186b39595f75a58f812a80a.jpg, 1, 0, 0
oily_skin-8-_jpg.rf.209f2e6111904167756b293d31248deb.jpg, 0, 0, 1
cropped_forehead_1696929686_jpg.rf.2261cbe6f1faf2c3e0381181fe0d7161.jpg, 0, 0, 1
cropped_forehead_1696929888_jpg.rf.210b65cdcfe13887026e813ab5820d88.jpg, 0, 1, 0
dry_skin4_jpg.rf.1ec4f81aa0939abc00f7d4a2be9627a2.jpg, 1, 0, 0
cropped_forehead_1696929695_jpg.rf.21d40e16ce4bf008c084f2cbbb77ee9f.jpg, 0, 0, 1
dry_skin1_jpg.rf.21a169d6fef6ff77e00d655d6a8eb368.jpg, 1, 0, 0
cropped_chin_1696929694_jpg.rf.1f511cb32dfd0fd3d66cf20df298bd1b.jpg, 0, 0, 1
oily_skin2_jpg.rf.1ead5b482096b86fb3ed0c8788d1ce64.jpg, 0, 0, 1
oily_skin-7_jpg.rf.1fea1031c325f1ccc5e31b402685bd11.jpg, 0, 0, 1
cropped_right_cheek_1696929884_jpg.rf.203def1d0e70e6ceed58a548d105ffe5.jpg, 0, 1, 0
cropped_chin_1696927030_jpg.rf.233094ac8529a93d6090ad2b8ab829b9.jpg, 1, 0, 0
dry_skin3_jpg.rf.231cfcae40190d03c2bb0676d78511eb.jpg, 1, 0, 0
cropped_forehead_1696929680_jpg.rf.237740950be246f627a552701f6edc4a.jpg, 0, 0, 1
cropped_forehead_1696929885_jpg.rf.244ec5f3312804ddb6ee767a845185e5.jpg, 0, 1, 0
cropped_chin_1696929900_jpg.rf.21c07e1f286164890000e26b9c436c57.jpg, 0, 1, 0
cropped_forehead_1696929695_jpg.rf.234a302f01c7b891ed5d2ed28c8543df.jpg, 0, 0, 1
cropped_right_cheek_1696927022_jpg.rf.22d35658da5ec4dd45ebcd2241c5a144.jpg, 1, 0, 0
oily_skin-9-_jpg.rf.22ed3516907545e83776857841b1604e.jpg, 0, 0, 1
normal_skin5_jpg.rf.251839d7b6c8ca4659ba9eff88a76368.jpg, 0, 1, 0
cropped_right_cheek_1696929679_jpg.rf.26019251144cf300c87bda1bfe4ccfff.jpg, 0, 0, 1
dry_skin3_jpg.rf.26042be28fc61cc21ddf9856f1c74b89.jpg, 1, 0, 0
cropped_forehead_1696929691_jpg.rf.25670a5af80cf9786e6c1db448e9962b.jpg, 0, 0, 1
Blemish_jpg.rf.266dfca3e00c7cd81a5971e556efe6d3.jpg, 0, 0, 1
oily_skin-1-_jpg.rf.26d2d5d63092f178744921b7e7700cac.jpg, 0, 0, 1
oily_skin-4-_jpg.rf.26468772afba4a0082def249dcf2ff6e.jpg, 0, 0, 1
cropped_left_cheek_1696927027_jpg.rf.25512568e4a693f73b404a1cf8a07734.jpg, 1, 0, 0
shiny-face-oily-skin_webp.rf.24df14e96bd7eb5c83a5ffcf827450e7.jpg, 0, 0, 1
cropped_forehead_1696929901_jpg.rf.264c562e332f63cd05fa56ccf152dadc.jpg, 0, 1, 0
oily_skin2_jpg.rf.27dc4edf250ff969329eac81a532608f.jpg, 0, 0, 1
cropped_chin_1696929894_jpg.rf.243fc491f931e0c56299283bf2da30a8.jpg, 0, 1, 0
cropped_chin_1696929691_jpg.rf.26d9af88f4c7093a991f7dbe5be0e741.jpg, 0, 0, 1
oily_skin2_jpg.rf.2567c9aa1257fa533d5ce311231c625d.jpg, 0, 0, 1
cropped_chin_1696929889_jpg.rf.27c5f946b94a7ddf844d39189632ef7b.jpg, 0, 1, 0
normal_skin_jpg.rf.256406e5b52b1b74a74ffd6387c954bc.jpg, 0, 1, 0
normal_skin2_jpg.rf.2538a95a5ca0154ce52f67c26ceb9cca.jpg, 0, 1, 0
cropped_forehead_1696929889_jpg.rf.29a74d449aee695fc7a74f6019551e4b.jpg, 0, 1, 0
oily_skin-4-_jpg.rf.2bebc4a42415c9ac973b24b97d4bb67a.jpg, 0, 0, 1
oily_skin-5-_jpg.rf.270e98ed03370d201aba8ea39b33a96d.jpg, 0, 0, 1
normal_skin4_jpg.rf.28d971c508ce15ea486058e420ac66c3.jpg, 0, 1, 0
cropped_right_cheek_1696927027_jpg.rf.2a6dc92550b73aea85c7edc162957efb.jpg, 1, 0, 0
cropped_left_cheek_1696929686_jpg.rf.29b7177c22b96cdf0eea59eaeac5e91e.jpg, 0, 0, 1
cropped_chin_1696927014_jpg.rf.29d1d2e49b1151ce3a7338409cbfdc75.jpg, 1, 0, 0
oily_skin-1-_jpg.rf.294295d397f0bc6b05660bcdf7635f32.jpg, 0, 0, 1
oily_skin2_jpg.rf.2b65eea4395b38422be427e32fca3669.jpg, 0, 0, 1
dry_skin1_jpg.rf.2d403df431ddf33fbfda6b0eee893cac.jpg, 1, 0, 0
cropped_left_cheek_1696929679_jpg.rf.2a90102d7425a37401fbc4b132193e8a.jpg, 0, 0, 1
wcvzit8ajwob1_webp.rf.27f688d88a6b4f28fb1ce85f0107973c.jpg, 0, 0, 1
cropped_right_cheek_1696927031_jpg.rf.2d79e64b4f34e7428d317031f61cf5d6.jpg, 1, 0, 0
normal_skin11_jpg.rf.2cd0b989f7a14d3acdff8057e5e24cc4.jpg, 0, 1, 0
normal_skin12_jpg.rf.2b9561bad780e8d6ab8154eb9b537d73.jpg, 0, 1, 0
cropped_forehead_1696927031_jpg.rf.2ccf39a92114bfe5886fc36a21a19b4d.jpg, 1, 0, 0
cropped_forehead_1696929892_jpg.rf.2b329913a15fb207e02a3310af9b32bf.jpg, 0, 1, 0
dry_skin3_jpg.rf.287bcf55f3c3df6b9c0c903419857e48.jpg, 1, 0, 0
cropped_right_cheek_1696927022_jpg.rf.2e5539216b132e855a7214e80ed78902.jpg, 1, 0, 0
cropped_left_cheek_1696929680_jpg.rf.2e4432bd374389842a35a0364ff9225b.jpg, 0, 0, 1
cropped_forehead_1696927027_jpg.rf.2d41d6f5a92e89c4f163fae895d14ad2.jpg, 1, 0, 0
dry3_jpg.rf.2a6dc75b426c302619d83ac7d8c290c0.jpg, 1, 0, 0
cropped_right_cheek_1696929886_jpg.rf.2e4f26880e56fc7a0718d783743847e5.jpg, 0, 1, 0
oily_skin-4-_jpg.rf.2eb74988613008afe8892f01fa7b19bf.jpg, 0, 0, 1
cropped_forehead_1696929694_jpg.rf.2eb78dbca9f55d7ddfa787f889164bee.jpg, 0, 0, 1
normal_skin7_jpg.rf.2dfabb925ee64ac6a81824415e69ed5d.jpg, 0, 1, 0
cropped_chin_1696927019_jpg.rf.2b099b85464473b9004049ee3931779d.jpg, 1, 0, 0
normal_skin8_jpg.rf.247c1c024a1bd50bac6e2685e44f2a95.jpg, 0, 1, 0
dry-skin-as-shown-on-chapped-hand-palm_webp.rf.2fb5a30484fd8fd956891cbb80ffd998.jpg, 1, 0, 0
cropped_chin_1696929691_jpg.rf.2f23440a55bb531fd62f046e31484147.jpg, 0, 0, 1
oily_skin-5-_jpg.rf.2f4e4ee6fe31df2401b1fd908ec3c5a2.jpg, 0, 0, 1
cropped_right_cheek_1696929688_jpg.rf.334cda4a86e5f9c9f31b798fc52068bc.jpg, 0, 0, 1
cropped_chin_1696929893_jpg.rf.2f3ab3abdd5a24f758167b2eca3a3eee.jpg, 0, 1, 0
cropped_right_cheek_1696927029_jpg.rf.316591ed2b7f0922f696698864ec0a4a.jpg, 1, 0, 0
cropped_left_cheek_1696929686_jpg.rf.2f3a8ab3924521d41a7da8be3098b047.jpg, 0, 0, 1
cropped_left_cheek_1696929885_jpg.rf.3324b6eae2afcd306a543f1f089d2cce.jpg, 0, 1, 0
cropped_left_cheek_1696929690_jpg.rf.324175306b6eb72dc6aa7afd16133c5b.jpg, 0, 0, 1
cropped_right_cheek_1696929884_jpg.rf.32420117cf3297cc18deee05b6aec37c.jpg, 0, 1, 0
normal_skin2_jpg.rf.2f247ebd02e8a6c24f39097278ea5f9d.jpg, 0, 1, 0
cropped_chin_1696927031_jpg.rf.33fa2342e35b7c9dd81416ab0844a0c1.jpg, 1, 0, 0
dry_skin2_jpg.rf.33b60cc7f39f7c195159cc0bee7fbc14.jpg, 1, 0, 0
cropped_forehead_1696929899_jpg.rf.324c4288544698ad52aee3d6d63ae0b3.jpg, 0, 1, 0
cropped_right_cheek_1696929884_jpg.rf.305acf982d8d96a5c17eda859a323a98.jpg, 0, 1, 0
cropped_left_cheek_1696929889_jpg.rf.306a852c6539cb9ef0a57dca6807080c.jpg, 0, 1, 0
oily_skin2_jpg.rf.2f2a27f12f93675c823b695eebbeaf43.jpg, 0, 0, 1
normal_skin12_jpg.rf.34cb233ead3138a7d39ea9cd006a7d81.jpg, 0, 1, 0
Blemish_jpg.rf.33d7df71e01a0e638d4d80a22e991131.jpg, 0, 0, 1
oily_skin-5-_jpg.rf.33bb08acf63d293cbfec26a845f30f29.jpg, 0, 0, 1
cropped_left_cheek_1696929889_jpg.rf.30f815823b0673faf388384395db7610.jpg, 0, 1, 0
cropped_left_cheek_1696927015_jpg.rf.318d3ef8ddf29aeb8d9e0afbdc972b06.jpg, 1, 0, 0
cropped_right_cheek_1696929679_jpg.rf.2faaa5eaa7d013910bbf21ea1518de52.jpg, 0, 0, 1
macro-photo-big-pore-on-260nw-2297406881_webp.rf.342765b4a46c2424fa52c9da20c0df88.jpg, 0, 0, 1
cropped_right_cheek_1696929688_jpg.rf.350ccfb499f8eba9eea858089acff548.jpg, 0, 0, 1
normal_skin3_jpg.rf.309f143c28da9be8aec37bfabfc98a3c.jpg, 0, 1, 0
cropped_left_cheek_1696929889_jpg.rf.35a69ab8bcda01c91cf602d20016d3d4.jpg, 0, 1, 0
cropped_forehead_1696927027_jpg.rf.2ef4bb5cecb1aae9574b72c3ae3dfa5e.jpg, 1, 0, 0
normal_skin-16-_jpg.rf.35ef61e1f30e9df0fb63108b7727e211.jpg, 0, 0, 1
cropped_left_cheek_1696929680_jpg.rf.35cf650165f3a7ba60b7f23bf6b405df.jpg, 0, 0, 1
cropped_chin_1696929900_jpg.rf.34e3d4e00759a781c10d5c878a0d3aa3.jpg, 0, 1, 0
normal_skin_jpg.rf.361807a37af56e0f4002a72580068b4b.jpg, 0, 1, 0
oily_skin-6_jpg.rf.369a571a2861c35a87f46084e127208d.jpg, 0, 0, 1
cropped_left_cheek_1696929679_jpg.rf.36975b7746ba4578c9ce143633c6e5d6.jpg, 0, 0, 1
cropped_right_cheek_1696929899_jpg.rf.37d348aaf069c312d22f8772c9a671e7.jpg, 0, 1, 0
cropped_chin_1696927030_jpg.rf.300ce4e081bc8c9913aab787b7e42216.jpg, 1, 0, 0
normal_skin5_jpg.rf.3781c96b7bac3c3480cf78e3df6cad4e.jpg, 0, 1, 0
normal_skin5_jpg.rf.36c5d18d22f3b08774093e82ca4d19f7.jpg, 0, 1, 0
cropped_forehead_1696927016_jpg.rf.37b641a4357b1a71e172fea2d5acdc88.jpg, 1, 0, 0
oily_skin-9-_jpg.rf.36e4424e3fece647a6929f9c299b6022.jpg, 0, 0, 1
cropped_chin_1696927015_jpg.rf.37860d710d390a0630e3358d0ae45d7e.jpg, 1, 0, 0
dry_skin5_jpg.rf.3999f2298661cf12343160b61d5b2e48.jpg, 1, 0, 0
cropped_chin_1696929889_jpg.rf.39ffa317b78a0f31e31ee9fe6f73a123.jpg, 0, 1, 0
oily_skin-3-_jpg.rf.3a13442358bf8dd49a963b1a1145ce70.jpg, 0, 0, 1
cropped_chin_1696929680_jpg.rf.381b4097ed26eaefece7caf8e1d88edd.jpg, 0, 0, 1
cropped_forehead_1696929892_jpg.rf.36bf4d789324a4b3d07a3bf62b2c8ef7.jpg, 0, 1, 0
cropped_chin_1696929679_jpg.rf.36f4bac2da6dec192a611a72cbf5c371.jpg, 0, 0, 1
cropped_forehead_1696929889_jpg.rf.3a56bb79144e8622f496a7d7a9eac13e.jpg, 0, 1, 0
cropped_chin_1696929694_jpg.rf.3b12750c0eb9452f2e28b8102abb55d8.jpg, 0, 0, 1
cropped_left_cheek_1696929900_jpg.rf.3a70c954cc84c98b83a4716f240d194d.jpg, 0, 1, 0
cropped_right_cheek_1696929696_jpg.rf.3ea304f10759f484342dae8a60d85449.jpg, 0, 0, 1
cropped_chin_1696927016_jpg.rf.3afd150e54435729ae0330c13a4be038.jpg, 1, 0, 0
cropped_right_cheek_1696927016_jpg.rf.3c9072db2627db13fcd590980b11d4a1.jpg, 1, 0, 0
cropped_forehead_1696929695_jpg.rf.3e83527ca4d74fa8fa89d69a7a256d86.jpg, 0, 0, 1
cropped_right_cheek_1696929680_jpg.rf.3c081db2045d0c944d49b7992a424a1b.jpg, 0, 0, 1
cropped_chin_1696929894_jpg.rf.3a446aa6f2833919382e38dac8bc563a.jpg, 0, 1, 0
cropped_right_cheek_1696929691_jpg.rf.3d25bdbb6cbfaa62114544507783cadb.jpg, 0, 0, 1
cropped_chin_1696929888_jpg.rf.3e456b37393899bad3125f8aee186eb7.jpg, 0, 1, 0
cropped_forehead_1696929900_jpg.rf.3e3c443a659de15ed2339bd24a5e0d91.jpg, 0, 1, 0
cropped_right_cheek_1696929695_jpg.rf.3bdcdf82c848afa7b215a7a987f55189.jpg, 0, 0, 1
cropped_right_cheek_1696927016_jpg.rf.3d49266946e42f167737c819ff720c95.jpg, 1, 0, 0
cropped_chin_1696929680_jpg.rf.3c098983be6a2b3591d34929dce07057.jpg, 0, 0, 1
cropped_forehead_1696929894_jpg.rf.3c83618ddfd55e20e88ebb5824c06637.jpg, 0, 1, 0
cropped_right_cheek_1696927016_jpg.rf.3b6466478b16d7ba0b36047930af134f.jpg, 1, 0, 0
normal_skin9_jpg.rf.3ed2bc8ccf6057eb61e71e23b7f50986.jpg, 0, 1, 0
cropped_right_cheek_1696929695_jpg.rf.3ee44c517622d7058caa089b56121f50.jpg, 0, 0, 1
normal_skin8_jpg.rf.3f5a2e62cd03a5b17d4e0e17ab02eec8.jpg, 0, 1, 0
cropped_forehead_1696929900_jpg.rf.3cd7ce977f4ebf0b2ff29d5911160bdc.jpg, 0, 1, 0
cropped_right_cheek_1696929891_jpg.rf.3db98c343a108fc8a6050850cb08a9ee.jpg, 0, 1, 0
cropped_forehead_1696927024_jpg.rf.3d24b3c1a56e6e784a8f6320d8c91299.jpg, 1, 0, 0
cropped_right_cheek_1696929893_jpg.rf.3b3633f13418c350e313c1d8842a64b0.jpg, 0, 1, 0
normal_skin3_jpg.rf.3d5b9d50fd6dd53d06ac7a6f55dc2250.jpg, 0, 1, 0
cropped_chin_1696929887_jpg.rf.3a9902087639523c1fedde7f1322159b.jpg, 0, 1, 0
cropped_right_cheek_1696929694_jpg.rf.3ef8d7db07edcb8cba7a72b10325e1e6.jpg, 0, 0, 1
normal_skin3_jpg.rf.40cb9fe065d9bbca1d8740441a6c9451.jpg, 0, 1, 0
cropped_forehead_1696929680_jpg.rf.4084736ee0737e7fd7299bf552e65573.jpg, 0, 0, 1
cropped_forehead_1696927029_jpg.rf.4196907d261ddd44e9029b488d18d7e9.jpg, 1, 0, 0
cropped_chin_1696929691_jpg.rf.41004736e29625ce9900201d7badca51.jpg, 0, 0, 1
dry_skin1_jpg.rf.406638cd3fcca71721085c3ca7ea4991.jpg, 1, 0, 0
oily_skin2_jpg.rf.412e36951b2a87589845ae704e800cfd.jpg, 0, 0, 1
cropped_right_cheek_1696927015_jpg.rf.408b4dee527e273e55d5994ee3559941.jpg, 1, 0, 0
cropped_forehead_1696927024_jpg.rf.4332edc2028f67f5493bbff4c6248097.jpg, 1, 0, 0
cropped_left_cheek_1696929679_jpg.rf.4263040a17e115dc3abfdfd6c0067650.jpg, 0, 0, 1
shiny-face-oily-skin_webp.rf.411df5d9fdb5ebca0c4eb199b26f8142.jpg, 0, 0, 1
1284-perioral_dermatitis-1296x728-slide9-1296x728_jpg.rf.409147d7d0b06bd532ba8dfe1f2a236e.jpg, 1, 0, 0
cropped_forehead_1696929900_jpg.rf.3fb05a52c37313ab8ae457c97d12fc35.jpg, 0, 1, 0
normal_skin5_jpg.rf.42a9ee3705fe73fd39cd25a9898088f8.jpg, 0, 1, 0
cropped_right_cheek_1696927027_jpg.rf.4420daa0796fd28874d7fd9933b51f5e.jpg, 1, 0, 0
cropped_forehead_1696929695_jpg.rf.45a03846f7eaa837b1a03fe42f0ecd03.jpg, 0, 0, 1
cropped_right_cheek_1696929691_jpg.rf.423006a717437931d0d0de18ba57bd94.jpg, 0, 0, 1
cropped_forehead_1696927016_jpg.rf.45492ea8b0b9509cf1b9073bed45f9f3.jpg, 1, 0, 0
cropped_left_cheek_1696929696_jpg.rf.44ddac08ccc13300263dfed7d5389620.jpg, 0, 0, 1
dry_skin2_jpg.rf.46ea93b677f45b3ce2e2a3f423075086.jpg, 1, 0, 0
normal_skin9_jpg.rf.4419443bfdea0af65e4632b4082fc5a9.jpg, 0, 1, 0
oily_skin-12-_jpg.rf.459591284c29828eac66e82547bb2a83.jpg, 0, 0, 1
cropped_chin_1696927018_jpg.rf.476bb30cd7fe590b8248eaf6fdcadeff.jpg, 1, 0, 0
cropped_chin_1696929687_jpg.rf.47c14c20b43dd93b4e99252229baf1a5.jpg, 0, 0, 1
dry_skin1_jpg.rf.4207524165a3139a30db0c5ef8841a70.jpg, 1, 0, 0
cropped_right_cheek_1696929694_jpg.rf.48e2cd565673c9d9f3ea11c7e3222706.jpg, 0, 0, 1
cropped_right_cheek_1696929899_jpg.rf.47962c5c0f2c41d477227280644b1092.jpg, 0, 1, 0
dry_skin1_jpg.rf.4925bcd8f4ab954cfec4d5129fad4c47.jpg, 1, 0, 0
cropped_left_cheek_1696929690_jpg.rf.47928ef0287b68b930c0e92a913ec600.jpg, 0, 0, 1
cropped_forehead_1696929898_jpg.rf.49fcc4e5ca055e6a712adbca8b50a9a1.jpg, 0, 1, 0
cropped_left_cheek_1696927030_jpg.rf.459a0094a33cb90e070f68473defea04.jpg, 1, 0, 0
oily_skin-2-_jpg.rf.4b736945a6408d840aac0cf42a0509d9.jpg, 0, 0, 1
oily_skin-8-_jpg.rf.4afead9346e10c84e71cd9b8a5f9b71e.jpg, 0, 0, 1
cropped_chin_1696929694_jpg.rf.4c2cbd9f1c34c83700215bf96357ff0a.jpg, 0, 0, 1
cropped_chin_1696929695_jpg.rf.4ba8f740a96d7a0b5d81c6f75f041d36.jpg, 0, 0, 1
cropped_forehead_1696929694_jpg.rf.4b7fd7e7153e8c237ed8286b4df6be67.jpg, 0, 0, 1
cropped_chin_1696929887_jpg.rf.44fcbae431f7c11eb3897cd9ab5836db.jpg, 0, 1, 0
oily_skin-8-_jpg.rf.4a6add0a0cf6ced6c576881d2e518ad2.jpg, 0, 0, 1
cropped_chin_1696927014_jpg.rf.49f04085c1be6b47e32cb8993814901b.jpg, 1, 0, 0
cropped_forehead_1696927031_jpg.rf.4dbcaac241321dd8d4191f05b85691b4.jpg, 1, 0, 0
normal_skin4_jpg.rf.4cf406f35bbd2054a414458b9caf7cff.jpg, 0, 1, 0
cropped_left_cheek_1696927030_jpg.rf.4c69e12635b7c9ab020a10e2112fad74.jpg, 1, 0, 0
cropped_forehead_1696929687_jpg.rf.4d6c98601e9903c94e9275d8e632a555.jpg, 0, 0, 1
cropped_chin_1696929889_jpg.rf.4c1d23534c17b47f2e0df57816988884.jpg, 0, 1, 0
woman-dry-skin-on-face-600nw-2235763147_webp.rf.4e11411d4778ecc827381ac2c9ce1977.jpg, 1, 0, 0
cropped_right_cheek_1696929694_jpg.rf.4c3b1be1288958a839e0dacc01b52c7a.jpg, 0, 0, 1
cropped_right_cheek_1696929680_jpg.rf.4be0418dfb24844c2d9b1517feb5517f.jpg, 0, 0, 1
normal_skin1_jpg.rf.4d9009278350aff6e1e49f35e53dae44.jpg, 0, 1, 0
cropped_forehead_1696929884_jpg.rf.4767ac3805bfa45b6493b3ab3e7f4937.jpg, 0, 1, 0
cropped_forehead_1696927027_jpg.rf.4dc83f20312c5c769383e20c763e16a0.jpg, 1, 0, 0
cropped_left_cheek_1696929900_jpg.rf.4e25679d2aa9b053bf6bf7c95ba87098.jpg, 0, 1, 0
cropped_right_cheek_1696929680_jpg.rf.4c81d0d0a5e34194ec709d6aaaef327d.jpg, 0, 0, 1
cropped_chin_1696929896_jpg.rf.4b8c0ef6065ff329f37cc1eb6e1d72fb.jpg, 0, 1, 0
cropped_right_cheek_1696929696_jpg.rf.4e12befd52408420390d5d769735e5af.jpg, 0, 0, 1
normal_skin3_jpg.rf.4e260552924900634b55e6edbe69f134.jpg, 0, 1, 0
cropped_chin_1696929691_jpg.rf.4e7631197e582b3c6674be32cef7531a.jpg, 0, 0, 1
cropped_chin_1696929695_jpg.rf.4f34463964815f4d6fc3f3b5e23568e7.jpg, 0, 0, 1
cropped_forehead_1696929690_jpg.rf.4def6d374610cab1ff5a786db77389d6.jpg, 0, 0, 1
cropped_forehead_1696929687_jpg.rf.4f690b0899febb9699f83f8b571bc87c.jpg, 0, 0, 1
oily_skin1_jpg.rf.4e5a3911df1b1d5c5360ee3cd746e382.jpg, 0, 0, 1
cropped_left_cheek_1696929894_jpg.rf.50ff1cf5a4eeaab249e2ad40d2c26f95.jpg, 0, 1, 0
cropped_forehead_1696929901_jpg.rf.4f5170abc0e212d9309899caba45e02d.jpg, 0, 1, 0
cropped_right_cheek_1696929694_jpg.rf.4ef398e0040ac7cc18b45d5fcdcdd2a0.jpg, 0, 0, 1
cropped_right_cheek_1696929688_jpg.rf.4f83b72b918127c7a920a220f4fabd7b.jpg, 0, 0, 1
oily_skin-8-_jpg.rf.507e8544062df3a2253acc15205d481e.jpg, 0, 0, 1
dry_jpg.rf.4e9b77c2f1122d5a8cdc69cf7ee6fa48.jpg, 1, 0, 0
cropped_forehead_1696927018_jpg.rf.4e53224bf28ca262b40ab74da511e4b6.jpg, 1, 0, 0
cropped_left_cheek_1696929897_jpg.rf.52e380efd4e04cf997b6d77fe3c01f38.jpg, 0, 1, 0
macro-photo-big-pore-on-260nw-2297406881_webp.rf.52e68651fa65f87c434560d279802882.jpg, 0, 0, 1
cropped_chin_1696927015_jpg.rf.509cddec8b54e00800ef0beea1f95102.jpg, 1, 0, 0
normal_skin8_jpg.rf.521fee76755a07bf72e1dabd496a2ce2.jpg, 0, 1, 0
cropped_left_cheek_1696929893_jpg.rf.4fd9a7a7f6ce1c4bf2058fbfc910956d.jpg, 0, 1, 0
cropped_chin_1696927015_jpg.rf.53cd9c5f60c6bf417e4300a03a83b7dd.jpg, 1, 0, 0
cropped_chin_1696929679_jpg.rf.50a69bbd51558239b2cd22f7dc614f40.jpg, 0, 0, 1
cropped_left_cheek_1696927032_jpg.rf.5088cedce7e8d78a7f0034e992c334ad.jpg, 1, 0, 0
cropped_left_cheek_1696929680_jpg.rf.542b4405e6fbe629d8e8c9e45e2aadf6.jpg, 0, 0, 1
cropped_left_cheek_1696927022_jpg.rf.53c44ad75c09f7b65a93ecfa8f50d659.jpg, 1, 0, 0
oily_skin-3-_jpg.rf.531e9aa3aa07a54de794183873d84db8.jpg, 0, 0, 1
cropped_chin_1696929883_jpg.rf.544766790b870e2e4f5db65461c003b2.jpg, 0, 1, 0
cropped_right_cheek_1696929696_jpg.rf.54a7d2f726f8de19da294e55901f19ba.jpg, 0, 0, 1
cropped_chin_1696927032_jpg.rf.54c2042068587009674d25b30b150a19.jpg, 1, 0, 0
cropped_forehead_1696929679_jpg.rf.556823c360d279706b259cd517918030.jpg, 0, 0, 1
cropped_left_cheek_1696929695_jpg.rf.536f3c2583a88a2ed2f2480890ba8136.jpg, 0, 0, 1
ju7gcl9vq3771_webp.rf.5458557d255c2d2ce819df31f84fe13d.jpg, 0, 0, 1
oily_skin-1-_jpg.rf.52fb3df78d01dd073201113e75523aaf.jpg, 0, 0, 1
normal_skin4_jpg.rf.557ea905de52c6f14c764861ffcc905b.jpg, 0, 1, 0
cropped_forehead_1696927032_jpg.rf.5566943907e3d5d1008c086a69cc0d25.jpg, 1, 0, 0
cropped_right_cheek_1696929691_jpg.rf.569ee12f0492d2d35f7bb458fd214027.jpg, 0, 0, 1
cropped_left_cheek_1696929696_jpg.rf.554f219b5e96386f7a90e7285369efd5.jpg, 0, 0, 1
cropped_right_cheek_1696927019_jpg.rf.5892240448535cc5b1e80e5e79549122.jpg, 1, 0, 0
cropped_chin_1696927029_jpg.rf.563d3bf5c6988d1b98000ff2d376e41c.jpg, 1, 0, 0
oily_skin-1-_jpg.rf.5863dd3e38f88fb0622e97118c8eae57.jpg, 0, 0, 1
cropped_chin_1696929897_jpg.rf.57bc1a2b77b9c59c7ca157bcb64a2a13.jpg, 0, 1, 0
cropped_right_cheek_1696929886_jpg.rf.596d64e70565554eb3dac273ec6f2bff.jpg, 0, 1, 0
normal_skin7_jpg.rf.58180baa32bff448dde6ad8d7bdf03f6.jpg, 0, 1, 0
cropped_left_cheek_1696929889_jpg.rf.58661601f16f1f88247721f3cbb38765.jpg, 0, 1, 0
cropped_chin_1696929889_jpg.rf.55e2776e4e0cecabe0c71acdba414772.jpg, 0, 1, 0
normal_skin-15-_jpg.rf.57c65a4fbb4c0cadbce1afc09c08da6b.jpg, 0, 1, 0
cropped_chin_1696929690_jpg.rf.565744dfda3e0943197c58812551a8d9.jpg, 0, 0, 1
normal_skin-15-_jpg.rf.5a698c909c64ad7360d4a4174df864a2.jpg, 0, 1, 0
cropped_chin_1696929896_jpg.rf.58d92eb0e956d9843df6ded371a1e1c5.jpg, 0, 1, 0
closeup-girl-sweaty-skin-on-260nw-2374664395_webp.rf.57f521518d10831472511804a531f98c.jpg, 0, 0, 1
cropped_left_cheek_1696929679_jpg.rf.5aac830f79a9c3f698c5a939ab6abb1e.jpg, 0, 0, 1
cropped_right_cheek_1696929885_jpg.rf.5931fd14499f186e110c1ed596dfa913.jpg, 0, 1, 0
cropped_forehead_1696927024_jpg.rf.5bfa3b513e4546d7111afa098bd67e32.jpg, 1, 0, 0
cropped_forehead_1696929687_jpg.rf.5c866d3e7c29835b3d11ad7eec4f6322.jpg, 0, 0, 1
cropped_chin_1696929690_jpg.rf.5c4e35f7a91a43464dca4c17819ab0e7.jpg, 0, 0, 1
cropped_forehead_1696929898_jpg.rf.5c240429465b30853e7bc8b5496c9eaf.jpg, 0, 1, 0
1284-perioral_dermatitis-1296x728-slide9-1296x728_jpg.rf.5a8f0718b23de3ae149df3d64dbd1fa4.jpg, 1, 0, 0
cropped_forehead_1696927029_jpg.rf.5cae06732da04aa475c733a742be1b70.jpg, 1, 0, 0
cropped_chin_1696927019_jpg.rf.594aff18facea7aad57d745dcb743b35.jpg, 1, 0, 0
cropped_chin_1696929696_jpg.rf.5b26dc2bb77e9cb63c55c57a0b165cac.jpg, 0, 0, 1
cropped_chin_1696927029_jpg.rf.5bf1d65d48e386925a500d09e348f44b.jpg, 1, 0, 0
cropped_left_cheek_1696929894_jpg.rf.5c9a4f6c9d6cbc7ba5548442619121e8.jpg, 0, 1, 0
cropped_forehead_1696929680_jpg.rf.5d36eba0c6feb38a91da96977e1bec34.jpg, 0, 0, 1
176653e9-baa4-4f91-9f3b-60ba9765e22d_jpeg.rf.5b70bcb3a398119aaefb6d0f7565f7b7.jpg, 0, 0, 1
cropped_forehead_1696929892_jpg.rf.5c92f00a1f0e288612365d38d1518ba8.jpg, 0, 1, 0
oily_skin-12-_jpg.rf.59f5ce65b7556412fd15066b56e1cded.jpg, 0, 0, 1
cropped_forehead_1696929694_jpg.rf.5de1694de9d7766fa6e5e7e29d9c0be7.jpg, 0, 0, 1
close-view-womans-oily-skin-260nw-2145639363_webp.rf.5cba14e0648aa902f2fa521a9773d1be.jpg, 0, 0, 1
cropped_right_cheek_1696929690_jpg.rf.5d87aa89bc21f1c0c455e5d30d12b687.jpg, 0, 0, 1
oily_skin-5-_jpg.rf.5d4713874887dff4c8841352d04920fc.jpg, 0, 0, 1
cropped_forehead_1696929679_jpg.rf.5eab5a01e3c2753be9cfd4155d43729b.jpg, 0, 0, 1
GettyImages-1080601806-8981db8ac0614abe9eb7e0f0c92bb890_webp.rf.5e610887516c2eab9d18c05a643e19e8.jpg, 1, 0, 0
cropped_forehead_1696929899_jpg.rf.5f021a55dd771c8458f795b6f39fb16e.jpg, 0, 1, 0
oily_skin-1-_jpg.rf.5d55e5e2d2463e59b9ead4e785ef7779.jpg, 0, 0, 1
cropped_forehead_1696929690_jpg.rf.5f90fa58a7300db6ceaa0998f2c7c27a.jpg, 0, 0, 1
cropped_chin_1696929690_jpg.rf.5f9170b9f5df565e06a8e12eae9eb824.jpg, 0, 0, 1
normal_skin11_jpg.rf.5ed9e04480a6f42303edaf022d8a367d.jpg, 0, 1, 0
dry_skin1_jpg.rf.5ea38e9c51598696a65b25b8c2481602.jpg, 1, 0, 0
normal_skin12_jpg.rf.5b4b2069ca5e3aa747fd0c5721497e14.jpg, 0, 1, 0
cropped_left_cheek_1696929897_jpg.rf.600a5df75067f8f4dcca95adcf90b8b3.jpg, 0, 1, 0
cropped_right_cheek_1696927022_jpg.rf.5fcb6a4a27842062a912af77e229946a.jpg, 1, 0, 0
cropped_chin_1696929685_jpg.rf.5d288594bd4cd5497c9c910670af539f.jpg, 0, 0, 1
dry_skin1_jpg.rf.5eb5a175c1a440023c3702749ceae0b2.jpg, 1, 0, 0
dry_skin1_jpg.rf.606e9d8725fb2da75187e9c6b2a76df9.jpg, 1, 0, 0
cropped_right_cheek_1696927022_jpg.rf.60cc6f9e96b3e144a3898ede5baebe2f.jpg, 1, 0, 0
cropped_forehead_1696929885_jpg.rf.6009c5305901b98c4bab20776e62027b.jpg, 0, 1, 0
cropped_forehead_1696929695_jpg.rf.60a9d46bf853c4decef988f6af83110f.jpg, 0, 0, 1
cropped_left_cheek_1696929680_jpg.rf.5fa7276e02f0da555d1509eda2fb9735.jpg, 0, 0, 1
cropped_chin_1696927023_jpg.rf.5ef0dfd37179f98f41410a8eff9227fd.jpg, 1, 0, 0
cropped_left_cheek_1696929686_jpg.rf.63293bcf55cae8c113940991cfa4ed97.jpg, 0, 0, 1
cropped_chin_1696927029_jpg.rf.62d8b830c70f5428159f031d66ec2869.jpg, 1, 0, 0
cropped_right_cheek_1696927031_jpg.rf.626ca1acf82a4bc029a5931169ac138a.jpg, 1, 0, 0
dry_skin1_jpg.rf.6378fa40abdc03b58e17d0fe2190af0e.jpg, 1, 0, 0
cropped_chin_1696927014_jpg.rf.643c715844a9a61236db2780e6578f50.jpg, 1, 0, 0
cropped_forehead_1696929891_jpg.rf.63d5811de13cef506331d7812a2232a4.jpg, 0, 1, 0
cropped_chin_1696929893_jpg.rf.6497665193e2ac269167500b49d523d6.jpg, 0, 1, 0
oily_skin-12-_jpg.rf.60ffd4e778923de467cc30ce4d03191b.jpg, 0, 0, 1
cropped_forehead_1696929695_jpg.rf.623525cf766ad9bccb641f5e6e9d996f.jpg, 0, 0, 1
cropped_forehead_1696927016_jpg.rf.6524359034ad899513dc44d21b457866.jpg, 1, 0, 0
cropped_chin_1696929680_jpg.rf.6520ec3b45786467ccfcfb253f1a74b7.jpg, 0, 0, 1
cropped_forehead_1696929900_jpg.rf.64868bfc4f263eef5186248db94e54e2.jpg, 0, 1, 0
cropped_left_cheek_1696927030_jpg.rf.622634f21d40409c61c33c54e1d4639c.jpg, 1, 0, 0
cropped_forehead_1696929696_jpg.rf.613574d2aff81d7c6cae87b43f35055b.jpg, 0, 0, 1
cropped_right_cheek_1696927019_jpg.rf.5fceb0c5d2be30df2a446e9d421e81b8.jpg, 1, 0, 0
1284-perioral_dermatitis-1296x728-slide9-1296x728_jpg.rf.6511550d173c406ba2be5b2050e1f967.jpg, 1, 0, 0
cropped_forehead_1696927016_jpg.rf.64e9db8712b1fc8db497ac1e79995909.jpg, 1, 0, 0
cropped_right_cheek_1696929694_jpg.rf.670d5bc77342732f8b6dfc3117b8b8ad.jpg, 0, 0, 1
cropped_right_cheek_1696929691_jpg.rf.666a061c8737a20f51d32c0f9f43bf76.jpg, 0, 0, 1
cropped_chin_1696929696_jpg.rf.655e22ff76330f297d31c1fcef728bd7.jpg, 0, 0, 1
cropped_chin_1696929893_jpg.rf.65214a09a8c354b970f0f8a8463495bb.jpg, 0, 1, 0
cropped_chin_1696929696_jpg.rf.64808aaef8cbbd63275c3cb836fac791.jpg, 0, 0, 1
cropped_left_cheek_1696927022_jpg.rf.677a84f0cee2f638c9290db1bd19afdf.jpg, 1, 0, 0
oily_skin-1-_jpg.rf.65a80d096ebcb853ab90bdfe012704a7.jpg, 0, 0, 1
dry_skin4_jpg.rf.67dd69307e0170a43665d016de72b68b.jpg, 1, 0, 0
cropped_chin_1696927023_jpg.rf.6736add105d6067293cb56bd665659f2.jpg, 1, 0, 0
oily_skin-1-_jpg.rf.654f937442ce541c0d153f6e74a677a1.jpg, 0, 0, 1
oily_skin-1-_jpg.rf.67567db589c1209f89baee365b0dbc81.jpg, 0, 0, 1
cropped_chin_1696929889_jpg.rf.678c6df47eb7409f17288ccda785ae6c.jpg, 0, 1, 0
normal_skin12_jpg.rf.66aaa112c6f035612d4d4c5b11ae987b.jpg, 0, 1, 0
tips-for-dry-skin_jpg.rf.6892f1e5bf5b35804e875555d4933a18.jpg, 1, 0, 0
dfb3cf17-c47e-40d9-a330-2dfdcd5de408_webp.rf.68023bb45c93dbef41663804cc51974e.jpg, 0, 0, 1
cropped_left_cheek_1696929885_jpg.rf.65d3ba9ee579be69f3bacd50202361bc.jpg, 0, 1, 0
normal_skin-15-_jpg.rf.67c372dcc4d9b0e0a62a93089091e62f.jpg, 0, 1, 0
cropped_forehead_1696929898_jpg.rf.684916c7afb8591683a1e930e3290a26.jpg, 0, 1, 0
dry3_jpg.rf.6867dd6544f42f9bed1993d492b4621f.jpg, 1, 0, 0
oily_skin-1-_jpg.rf.6ae5567e8f46c63006a8bc140be71715.jpg, 0, 0, 1
cropped_right_cheek_1696929887_jpg.rf.69710a822457d5fb8f1e0a30be3e283c.jpg, 0, 1, 0
cropped_chin_1696927029_jpg.rf.6d332e681099a91d96a4341c640af0ad.jpg, 1, 0, 0
normal_skin2_jpg.rf.6c953ed3c776cea395776b0b86ad0a14.jpg, 0, 1, 0
cropped_right_cheek_1696929688_jpg.rf.6bf2b95432436a157d9174db25ff6106.jpg, 0, 0, 1
cropped_forehead_1696929899_jpg.rf.6a7d985411b5084b74360b5c1b82cdcb.jpg, 0, 1, 0
cropped_forehead_1696929687_jpg.rf.6b78a799b0240752292b9f4d1c708c03.jpg, 0, 0, 1
cropped_chin_1696929896_jpg.rf.6e144aa928ae67d5adb60eaebd3a19a7.jpg, 0, 1, 0
cropped_chin_1696929691_jpg.rf.6e2b82d05fd3e176028ae7f50fddf1fe.jpg, 0, 0, 1
dry_skin1_jpg.rf.6ce341d0198064f229666c8c8d8376a2.jpg, 1, 0, 0
oily_skin1_jpg.rf.6a5498d3aba9c85f83d3bce2ecb092fd.jpg, 0, 0, 1
cropped_forehead_1696929695_jpg.rf.6a9d3d5b2e0ccd8c4dd16d15f8d4812b.jpg, 0, 0, 1
cropped_right_cheek_1696929884_jpg.rf.68b0b2339ce29f33d1ac1d8baeba81b3.jpg, 0, 1, 0
176653e9-baa4-4f91-9f3b-60ba9765e22d_jpeg.rf.69239b57e5a8971eb106570015bc8458.jpg, 0, 0, 1
cropped_chin_1696929694_jpg.rf.6a6809d3daab1242899d72fc1ccfb504.jpg, 0, 0, 1
cropped_chin_1696929883_jpg.rf.6c2d6fb54455b6acfdf08998a84e7ce1.jpg, 0, 1, 0
normal_skin5_jpg.rf.6d75acbe8ebd2fa4d2affd49bc571a33.jpg, 0, 1, 0
oily_skin-5-_jpg.rf.6dbd05c6f3bf263242ec38972d8d5082.jpg, 0, 0, 1
cropped_left_cheek_1696929686_jpg.rf.6dcdec7888ac0e10552c3d51bb16659e.jpg, 0, 0, 1
cropped_right_cheek_1696929893_jpg.rf.6ada04b1a68db524d47d690fc2ffdf8c.jpg, 0, 1, 0
normal_skin-16-_jpg.rf.6ae2c36b93ffcfe60ec37c870bcdb560.jpg, 0, 0, 1
cropped_forehead_1696929690_jpg.rf.6ef2c5b2d356693f5d1bf5b838a343be.jpg, 0, 0, 1
oily_skin-6_jpg.rf.6e94f6f0da08fb06c5bfd99a6b5454d4.jpg, 0, 0, 1
oily_skin1_jpg.rf.6ecc1139dbee10e3268f981725ae21f1.jpg, 0, 0, 1
cropped_forehead_1696929680_jpg.rf.6bb1c93c303a978726aeff4c50f9797b.jpg, 0, 0, 1
oily_skin-7_jpg.rf.6c7cf342942edd2ce9a8b9216653ff2d.jpg, 0, 0, 1
600x400_Tips_Article_1_jpg.rf.6a820377282284a0806215fd7a0c3415.jpg, 0, 0, 1
cropped_chin_1696929679_jpg.rf.6f6761b6232b101a77866fc299043d47.jpg, 0, 0, 1
oily_skin-1-_jpg.rf.706654855034d6715e5f4db9f653ce5b.jpg, 0, 0, 1
176653e9-baa4-4f91-9f3b-60ba9765e22d_jpeg.rf.7059d414a973a439188e0d801582cb16.jpg, 0, 0, 1
600x400_Tips_Article_1_jpg.rf.707f480945f1501ae4a1aa191d569d32.jpg, 0, 0, 1
normal_skin3_jpg.rf.6fdc8e7223de7e88a7197cf404927a17.jpg, 0, 1, 0
cropped_chin_1696929685_jpg.rf.7079d4883db7444f751c1c4c2cfde7e5.jpg, 0, 0, 1
oily_skin-1-_jpg.rf.71f14276c344b625bdb89add4e5b7e41.jpg, 0, 0, 1
macro-photo-big-pore-on-260nw-2297406881_webp.rf.6fde04f134ddc01d1bd4ae428b3cc2a9.jpg, 0, 0, 1
normal_skin-16-_jpg.rf.71c1fc94d5e8dd719f64b1afa0ec2280.jpg, 0, 0, 1
cropped_chin_1696927030_jpg.rf.711c3749fbfbee934babb69ae3e9aeae.jpg, 1, 0, 0
Acne_vulgaris_on_a_very_oily_skin_jpg.rf.7203b9b6ad099f0c2341920e1f0eefe3.jpg, 0, 0, 1
dry_skin5_jpg.rf.6d3f5dbaff13770ad8a2899ff0cf6d2a.jpg, 1, 0, 0
dry_skin-1-_jpg.rf.723f5321de38581994a9d5809a0a7576.jpg, 1, 0, 0
oily_skin-5-_jpg.rf.7241835021a4d98e8127ae793130d144.jpg, 0, 0, 1
normal_skin9_jpg.rf.7318d7ab46310aa0a5444dc62ac42bf3.jpg, 0, 1, 0
dryskin2-scaled-1_jpeg.rf.72fa3c27119169559c5837a17fe76851.jpg, 1, 0, 0
oily_skin-12-_jpg.rf.73c286fdc0b873d9d11068aa66f2616a.jpg, 0, 0, 1
cropped_forehead_1696929894_jpg.rf.7593a4064942e17960639cf2902dcb48.jpg, 0, 1, 0
cropped_chin_1696929694_jpg.rf.73700a666b208ee903c65a21cf63f47f.jpg, 0, 0, 1
cropped_forehead_1696929885_jpg.rf.752eaea10bebc4008aba97be51dd1437.jpg, 0, 1, 0
cropped_chin_1696929695_jpg.rf.75c7ae2492380e51e6f1acbe939e709c.jpg, 0, 0, 1
normal_skin12_jpg.rf.77396ee0e1b279ceadaea7d8670d8c77.jpg, 0, 1, 0
cropped_chin_1696929683_jpg.rf.75e1d63ca9a20f987e4d0b84c6929f06.jpg, 0, 0, 1
cropped_chin_1696929887_jpg.rf.7325a6b99b27877d8bb178b062706b9f.jpg, 0, 1, 0
Acne_vulgaris_on_a_very_oily_skin_jpg.rf.73cc804b2e6e792b8c5018f5836d2e45.jpg, 0, 0, 1
cropped_chin_1696929887_jpg.rf.76f5d64cd09c57d7704dcea439871474.jpg, 0, 1, 0
Blemish_jpg.rf.728183e42e7a3abde1829e7ce463ffd6.jpg, 0, 0, 1
normal_skin7_jpg.rf.74c551f30c899eb93e3aef5c113ee466.jpg, 0, 1, 0
normal_skin4_jpg.rf.74ccc39fb154df76ce67c5bc8239d339.jpg, 0, 1, 0
cropped_chin_1696929694_jpg.rf.763fff4a8a64fea5f967c5c880de44aa.jpg, 0, 0, 1
dry_skin-2_jpg.rf.77a95d4990ccdb661872ff76d9959dd3.jpg, 1, 0, 0
oily_skin1_jpg.rf.7674cd31c15031946b984838315984ea.jpg, 0, 0, 1
oily_skin-8-_jpg.rf.7545bfba36419cd46111a9718a49e077.jpg, 0, 0, 1
Oily_Skin_Looks_Shiny_and_Has_Enlarged_Pores_400x400-jpg_webp.rf.770327e8b3d7466b81dd809d62022205.jpg, 0, 0, 1
cropped_chin_1696929885_jpg.rf.77614368ca39ef84a712c6d956a15f17.jpg, 0, 1, 0
cropped_forehead_1696929696_jpg.rf.773772f5f5c6d20bf2f1f1acf9a738fa.jpg, 0, 0, 1
cropped_chin_1696927014_jpg.rf.7669f755e7a69c042b5275992985a1ef.jpg, 1, 0, 0
cropped_chin_1696929695_jpg.rf.7804410a901e18f85ebb40e795db784d.jpg, 0, 0, 1
cropped_chin_1696929685_jpg.rf.784e9fa0bd1ee91739119a037f28b2ac.jpg, 0, 0, 1
cropped_forehead_1696929680_jpg.rf.78907d796f815866102839788134de00.jpg, 0, 0, 1
normal_skin_jpg.rf.7861d18f3c271ff38dde292c3ed9e1dc.jpg, 0, 1, 0
normal_skin-15-_jpg.rf.79762dcc297a163eb39e0e0406ef2f8f.jpg, 0, 1, 0
cropped_forehead_1696927018_jpg.rf.7baa5e62b8d5c892be8df240bea3e90f.jpg, 1, 0, 0
normal_skin1_jpg.rf.79e49fe04aee7ece159582e2b486a271.jpg, 0, 1, 0
oily_skin2_jpg.rf.797e193754b633433de2b867b9cad40e.jpg, 0, 0, 1
cropped_forehead_1696929690_jpg.rf.78ee4bffa0a3d33afba76f2466885269.jpg, 0, 0, 1
oily_skin-9-_jpg.rf.78ae7fb417c99675fb0962044cf75ece.jpg, 0, 0, 1
cropped_left_cheek_1696929893_jpg.rf.7bd365d6cc5965a35324db2008bed07d.jpg, 0, 1, 0
oily_skin-7_jpg.rf.7b0a408bbf781e455eccf2c43d7caac3.jpg, 0, 0, 1
cropped_chin_1696929893_jpg.rf.7c085ea8c30f2a5d4d743b713935125d.jpg, 0, 1, 0
cropped_forehead_1696927019_jpg.rf.7cb023f054b6e54cb4e2b1386f028af8.jpg, 1, 0, 0
cropped_forehead_1696927016_jpg.rf.7d97cc64c5ac0eddbb364c77af870cb1.jpg, 1, 0, 0
cropped_right_cheek_1696927023_jpg.rf.7d3579d6284d9d7a1beca6d22ef74258.jpg, 1, 0, 0
augOily_7_jpg.rf.7dd05c230ae5cacaa13096070de05241.jpg, 0, 0, 1
normal_skin-15-_jpg.rf.7ca10f8c274efa652b16c7f87e3106b6.jpg, 0, 1, 0
cropped_left_cheek_1696927022_jpg.rf.7ce3636ece415befcf7c189b3ca4cff5.jpg, 1, 0, 0
cropped_right_cheek_1696929691_jpg.rf.7eaea523bb84a50cfc97e660675230ed.jpg, 0, 0, 1
dry_skin2_jpg.rf.7bc9ab0cc6ee5e4cc05f0d1141ec591d.jpg, 1, 0, 0
oily_skin1_jpg.rf.7eb7ccb4e79820b5cd223bf884f894aa.jpg, 0, 0, 1
cropped_left_cheek_1696929900_jpg.rf.7e9a282d1f90511808b6f5141161b65b.jpg, 0, 1, 0
cropped_chin_1696929897_jpg.rf.7e882d822dce03449e6b9cb11cf3dad2.jpg, 0, 1, 0
cropped_right_cheek_1696929696_jpg.rf.7bd06d60b37a2c6da0e91c5037979a9c.jpg, 0, 0, 1
ju7gcl9vq3771_webp.rf.7eeb0843dab19419a25e256b3c13fc1a.jpg, 0, 0, 1
normal_skin10_jpg.rf.7da33a8e6c793c5ab3527a367ce0d355.jpg, 0, 1, 0
cropped_left_cheek_1696927032_jpg.rf.7cc0eb907b58c77dc40f79785bdd937d.jpg, 1, 0, 0
cropped_forehead_1696929893_jpg.rf.809385f8791e8e0021a729fd60321880.jpg, 0, 1, 0
dry_skin2_jpg.rf.7f04c34cf95345d80cb523d4b611c0a2.jpg, 1, 0, 0
cropped_right_cheek_1696929694_jpg.rf.7eecd5c3e440f987a8ccd6bd2ef7718d.jpg, 0, 0, 1
cropped_chin_1696927016_jpg.rf.8059a0d4e137ad259b869feae32ba81e.jpg, 1, 0, 0
cropped_chin_1696929889_jpg.rf.828ed83573a32c1e8ae119b5a15a31ba.jpg, 0, 1, 0
cropped_chin_1696929690_jpg.rf.7fee17387b771a0e7f5292aa673bd085.jpg, 0, 0, 1
cropped_forehead_1696929690_jpg.rf.84636fbd6738c6b4a330c46c12fd1b76.jpg, 0, 0, 1
cropped_right_cheek_1696927023_jpg.rf.8338f2264f1c8b4336694fc3ff2e0828.jpg, 1, 0, 0
oily_skin1_jpg.rf.83a2c19716ddb5d258e9d4211dbf45da.jpg, 0, 0, 1
cropped_chin_1696927029_jpg.rf.807291110b5a14abda6c308cd9773f93.jpg, 1, 0, 0
dry_skin1_jpg.rf.81e14050d7e00de579b0cfaf0332a9e7.jpg, 1, 0, 0
cropped_forehead_1696929891_jpg.rf.8064dd0d3951c8d34fb23833a0b2f156.jpg, 0, 1, 0
cropped_right_cheek_1696929884_jpg.rf.7f55bfa878ca0fc05d16e3f44bb895db.jpg, 0, 1, 0
cropped_chin_1696929679_jpg.rf.852b19483133b3c87673fbbb6d517f00.jpg, 0, 0, 1
cropped_right_cheek_1696929894_jpg.rf.831e42a53400b81241058715924973d9.jpg, 0, 1, 0
oily_skin2_jpg.rf.853303e9838abb7efb0d9fa4946c82a1.jpg, 0, 0, 1
cropped_chin_1696929684_jpg.rf.83a6642b4296ced70361dac9ca38115f.jpg, 0, 0, 1
cropped_right_cheek_1696929686_jpg.rf.809f8147f65af25d46ab819d377605bb.jpg, 0, 0, 1
GettyImages-1080601806-8981db8ac0614abe9eb7e0f0c92bb890_webp.rf.854ce0fb7ee0fd37dd96b36629be9961.jpg, 1, 0, 0
cropped_left_cheek_1696929889_jpg.rf.839862df337ea1c49eac5e11430bd24b.jpg, 0, 1, 0
cropped_chin_1696929899_jpg.rf.854def8e063e5fef37fa2d47117e01c3.jpg, 0, 1, 0
cropped_forehead_1696927020_jpg.rf.828c76c9b57eb1c76cf9ff3f08049080.jpg, 1, 0, 0
cropped_forehead_1696927029_jpg.rf.83aa8dedfc95c002ddda7c150b48a4c7.jpg, 1, 0, 0
oily_skin-6_jpg.rf.82f4eaebfed7f17ebb123c32d281812f.jpg, 0, 0, 1
cropped_right_cheek_1696927029_jpg.rf.85a392cca309c6307f76d0157d808361.jpg, 1, 0, 0
cropped_chin_1696929690_jpg.rf.8384544f8441b1f146441ede09d21572.jpg, 0, 0, 1
normal_skin4_jpg.rf.87387c1966ed9fc9c35fc5ec3f4c11c8.jpg, 0, 1, 0
cropped_chin_1696927030_jpg.rf.7ba3cd4f71068dfa8e3677a7999a3fcf.jpg, 1, 0, 0
close-view-womans-oily-skin-260nw-2145639363_webp.rf.86e2d5148ef550ab4da10e12dfdcea40.jpg, 0, 0, 1
cropped_forehead_1696927019_jpg.rf.872e9f40a53b6ac54104ad8aba64023a.jpg, 1, 0, 0
wcvzit8ajwob1_webp.rf.875443eab384f882ee12908e9b93aa50.jpg, 0, 0, 1
why_oily_blemish_prone_skin_needs_moisturizer_slmd_skincare_featured_webp.rf.86d706ed32ec8748071162865bd41197.jpg, 0, 0, 1
oily_skin-3-_jpg.rf.84b7313e0b7de2296ae2135b31e9ae61.jpg, 0, 0, 1
cropped_forehead_1696929694_jpg.rf.85a92d3e73fc3196194715c9fc38df3c.jpg, 0, 0, 1
cropped_left_cheek_1696929889_jpg.rf.857241e51483de25b144051b78307132.jpg, 0, 1, 0
cropped_forehead_1696929884_jpg.rf.8780a31299c941283478c9b83c3928b5.jpg, 0, 1, 0
cropped_chin_1696929883_jpg.rf.8928e3128619cb907f2c04887a76aec1.jpg, 0, 1, 0
cropped_forehead_1696927024_jpg.rf.89de3640d4cc3aa8c92488c48fc5a0fd.jpg, 1, 0, 0
tips-for-dry-skin_jpg.rf.87b6e1061591af3c3ce9a9c8a9940ebd.jpg, 1, 0, 0
oily_skin-8-_jpg.rf.8b3c5cb58aa58afaf77f3780242087a5.jpg, 0, 0, 1
cropped_right_cheek_1696929695_jpg.rf.89f303a0eda790cf963a3691b6f67e3e.jpg, 0, 0, 1
cropped_right_cheek_1696929688_jpg.rf.8932012b2181f1adb5262d4c2500f5d2.jpg, 0, 0, 1
cropped_right_cheek_1696929696_jpg.rf.87eea904c5874f0071669bce0a731d4b.jpg, 0, 0, 1
oily_skin-4-_jpg.rf.88ea875b6226f80fb447390b4d484405.jpg, 0, 0, 1
cropped_right_cheek_1696929679_jpg.rf.8a28e75af99f4eb6599472f3b66fbbce.jpg, 0, 0, 1
cropped_forehead_1696929885_jpg.rf.8ac0253ab489819c897a64d911e384d9.jpg, 0, 1, 0
cropped_right_cheek_1696929690_jpg.rf.88eca472bdd2424bb75549f48c42af92.jpg, 0, 0, 1
cropped_chin_1696929683_jpg.rf.885fef2f32e2794856b63195a85bb9e7.jpg, 0, 0, 1
cropped_forehead_1696927018_jpg.rf.8bba4b0cdf09188af77d468465ce8064.jpg, 1, 0, 0
cropped_left_cheek_1696929680_jpg.rf.89a7ffe66ea625aa5a090ed49bbdbbca.jpg, 0, 0, 1
cropped_forehead_1696929691_jpg.rf.8a706d3cea636a4f2b7f17b91de1d78b.jpg, 0, 0, 1
cropped_forehead_1696927027_jpg.rf.8b486b541ce939c98ded0bea554d466e.jpg, 1, 0, 0
cropped_left_cheek_1696929889_jpg.rf.89417c370a314458ad19c08425b3b2af.jpg, 0, 1, 0
cropped_forehead_1696927027_jpg.rf.8d2b23721296e11c664e129de98d74c1.jpg, 1, 0, 0
cropped_chin_1696927031_jpg.rf.87ed6a628c8bec489a62614c55b2936f.jpg, 1, 0, 0
cropped_left_cheek_1696927015_jpg.rf.89f61865241fc60cd97941ab0b610399.jpg, 1, 0, 0
cropped_chin_1696929893_jpg.rf.8a5c9bde2dba291e926cf26ffe45ec57.jpg, 0, 1, 0
dry-skin-as-shown-on-chapped-hand-palm_webp.rf.8a4e91eb8523f8e820750930e92d7b17.jpg, 1, 0, 0
normal_skin2_jpg.rf.891687da4e0a06c2fd371991b9234456.jpg, 0, 1, 0
cropped_forehead_1696927032_jpg.rf.8e074ed87dcba05d1e465a57382e4f57.jpg, 1, 0, 0
cropped_forehead_1696929900_jpg.rf.8d29a7102ed6438046a2a3db9bbae093.jpg, 0, 1, 0
cropped_chin_1696927019_jpg.rf.8c40aedc8d990f75697dc1fbe41b1661.jpg, 1, 0, 0
cropped_left_cheek_1696929690_jpg.rf.8c3d7b51f26b8b9447e4da787dde43e8.jpg, 0, 0, 1
oily_skin-8-_jpg.rf.8caa58e38c73c99ed5dd70c1b41e695d.jpg, 0, 0, 1
cropped_chin_1696929888_jpg.rf.903d4395fa793326fecf1394c30f5af5.jpg, 0, 1, 0
cropped_forehead_1696929695_jpg.rf.8f4f0788d2ec4076494d70b1420748a4.jpg, 0, 0, 1
cropped_chin_1696929679_jpg.rf.900a7a3ac7906b1c8d1b59f157d5feb3.jpg, 0, 0, 1
cropped_left_cheek_1696929690_jpg.rf.8e853a2c6b19491227d7c413deacf199.jpg, 0, 0, 1
istockphoto-1445376040-612x612_jpg.rf.8eed5eee407563c35e12d90a40210ead.jpg, 0, 0, 1
cropped_chin_1696929695_jpg.rf.8ddca8fbfd22dc8d3670daacbdf79834.jpg, 0, 0, 1
cropped_chin_1696929897_jpg.rf.8dfc6ed199b87a91a4717bc8716eefee.jpg, 0, 1, 0
cropped_right_cheek_1696929694_jpg.rf.904e1b6a774bebd6e006bedb33c8f5dc.jpg, 0, 0, 1
cropped_chin_1696927023_jpg.rf.90baf49cfefc0a5915154690761ce27b.jpg, 1, 0, 0
cropped_forehead_1696929679_jpg.rf.911027f5f09d8afd9769538f9bbf33a8.jpg, 0, 0, 1
cropped_chin_1696929694_jpg.rf.91953e049898b07d685d87732dea4207.jpg, 0, 0, 1
cropped_left_cheek_1696929898_jpg.rf.89e57e285b868d55984b0f480544bf25.jpg, 0, 1, 0
cropped_left_cheek_1696929898_jpg.rf.906c4bdd68b6d0dd9321313590d8e94d.jpg, 0, 1, 0
glowrecipe_plummodel_0559_webp.rf.90f2add844e0932bd5f3aaf98c2123fe.jpg, 0, 0, 1
oily_skin-8-_jpg.rf.91bca36f8c93f72de0ef6b506c3cbf69.jpg, 0, 0, 1
cropped_forehead_1696927029_jpg.rf.923c8c63523c4d5c33334359f41b117e.jpg, 1, 0, 0
dfb3cf17-c47e-40d9-a330-2dfdcd5de408_webp.rf.9230461c07b043e8a85e11dadda5c9ba.jpg, 0, 0, 1
cropped_forehead_1696929690_jpg.rf.922477436170a499f539203155d3ceb8.jpg, 0, 0, 1
cropped_left_cheek_1696929898_jpg.rf.92210a4b9ccbcc62bb5a057ea01fdb66.jpg, 0, 1, 0
maxresdefault-1-3_jpg.rf.90f5b78379f2bfb49415221a2f32f6b1.jpg, 0, 0, 1
cropped_forehead_1696929898_jpg.rf.928f93052cfb66520986fc173591b017.jpg, 0, 1, 0
cropped_right_cheek_1696929887_jpg.rf.92cbef0bfa3efae65fe7a69e896b6cb3.jpg, 0, 1, 0
cropped_left_cheek_1696927030_jpg.rf.92f9f02f07e8d3ec8f21981f63cf94db.jpg, 1, 0, 0
cropped_right_cheek_1696929885_jpg.rf.91a7898d12d517a08b126cdd5a0130d9.jpg, 0, 1, 0
cropped_left_cheek_1696929888_jpg.rf.9279f8e9340ad6e90d44bcdbfe7d171f.jpg, 0, 1, 0
cropped_forehead_1696929686_jpg.rf.91d1203d74a21f541ba62cbc66e19ed8.jpg, 0, 0, 1
normal_skin4_jpg.rf.9137de2833e38ba67dbb2211483dc6b5.jpg, 0, 1, 0
oily_skin-9-_jpg.rf.92272ea5bf82efebf7813d698e89a87f.jpg, 0, 0, 1
oily_skin-3-_jpg.rf.940bdd1a179a9010e7eab11ab19d5899.jpg, 0, 0, 1
cropped_right_cheek_1696929694_jpg.rf.937166792fb6c694e190924b7aaf7d53.jpg, 0, 0, 1
cropped_right_cheek_1696929885_jpg.rf.94f50069bec4441cdcba1090cc9c31fe.jpg, 0, 1, 0
cropped_left_cheek_1696929696_jpg.rf.93127c4972513c94d93e3df3feecfa17.jpg, 0, 0, 1
cropped_forehead_1696929888_jpg.rf.95e2f0f28b30a9f19310560dfa39fafb.jpg, 0, 1, 0
cropped_left_cheek_1696929897_jpg.rf.961915e344e070951c7a36ee24c7bbad.jpg, 0, 1, 0
cropped_forehead_1696929898_jpg.rf.935faa12988e154512c145dd9e5ecc91.jpg, 0, 1, 0
cropped_right_cheek_1696929680_jpg.rf.95bf28b8d5ff2a1a1a406695cd990687.jpg, 0, 0, 1
1-1-_webp.rf.95d5d324222868b3d273fd79155e9226.jpg, 0, 0, 1
cropped_right_cheek_1696929886_jpg.rf.9685e037a8c01ee6704ba8f1d929308d.jpg, 0, 1, 0
cropped_forehead_1696927027_jpg.rf.9553b06d58b28e0c90071a6c1353459d.jpg, 1, 0, 0
cropped_left_cheek_1696929695_jpg.rf.945a4b7c84337e2008c9a6642bb012ab.jpg, 0, 0, 1
cropped_forehead_1696929680_jpg.rf.95b6ca2d53369a9d836751583352c6bd.jpg, 0, 0, 1
cropped_chin_1696929889_jpg.rf.96a30f5617af2657ad9bc342d723c475.jpg, 0, 1, 0
cropped_forehead_1696929686_jpg.rf.940086e02da2c765b775b96784700b5e.jpg, 0, 0, 1
cropped_right_cheek_1696929891_jpg.rf.96776bbfc063eb3e1366a3660bd29691.jpg, 0, 1, 0
cropped_chin_1696929885_jpg.rf.96c9dbfcb04d6223de141468e98e483e.jpg, 0, 1, 0
normal_skin5_jpg.rf.94a7b66e9d85d935985d112f8de18a6b.jpg, 0, 1, 0
normal_skin-16-_jpg.rf.9827ed8289f510adf942a9795ac86e1b.jpg, 0, 0, 1
dry_skin5_jpg.rf.97244f6778d053cfa2b6fbcc7932c89d.jpg, 1, 0, 0
cropped_right_cheek_1696927029_jpg.rf.978c749da1a98e89c079a2894d13a9e6.jpg, 1, 0, 0
cropped_forehead_1696929687_jpg.rf.978d28cc7502a3977a0a10316a2c58be.jpg, 0, 0, 1
cropped_chin_1696929899_jpg.rf.970b2c3d825c91217138d6ae6a6c78a3.jpg, 0, 1, 0
normal_skin5_jpg.rf.9811b0bdf61a5888f2a0ee0346d7f841.jpg, 0, 1, 0
oily_skin-9-_jpg.rf.96dccffa92f5ee5432ea1a1e9cc9a1ea.jpg, 0, 0, 1
cropped_left_cheek_1696927015_jpg.rf.97fea18e4a1e5a3c47fb48363b472ee3.jpg, 1, 0, 0
cropped_forehead_1696929901_jpg.rf.996c255f7f888b49cb41bf365c20ea36.jpg, 0, 1, 0
dry_skin2_jpg.rf.9ab8928b8b92bcc7eb686d2581fda2f0.jpg, 1, 0, 0
10-thumbnail_webp.rf.99c1b28ed057ba1914c8d66aae1ed1e5.jpg, 0, 0, 1
Oily_Skin_Looks_Shiny_and_Has_Enlarged_Pores_400x400-jpg_webp.rf.9a3c5b86bb57370af1f337a1b39fa5c1.jpg, 0, 0, 1
cropped_right_cheek_1696929887_jpg.rf.97a091cb73088437bd1776ef96b49e92.jpg, 0, 1, 0
normal_skin10_jpg.rf.98c93578a25fbb6e22f0f330b8e6bedd.jpg, 0, 1, 0
cropped_forehead_1696929696_jpg.rf.9993d61d3be0f44fb8a368e520a5d424.jpg, 0, 0, 1
normal_skin-16-_jpg.rf.99a5427c524c4b3a1100051dbc80b27e.jpg, 0, 0, 1
oily_skin-3-_jpg.rf.97c846f54ee023d57b9a7c1f87204e26.jpg, 0, 0, 1
oily_skin-1-_jpg.rf.9c6a3bced108512637f80f4f37f4a31d.jpg, 0, 0, 1
cropped_forehead_1696927019_jpg.rf.9bce32c332d454b98709c03db67feab7.jpg, 1, 0, 0
cropped_chin_1696927018_jpg.rf.9ba205a3a23964a53a26907aa93a0880.jpg, 1, 0, 0
cropped_forehead_1696927019_jpg.rf.9b27384b9b8c63e86776ded3ab27b20f.jpg, 1, 0, 0
cropped_forehead_1696929894_jpg.rf.9c6da0ad38a005012e699f57457f077b.jpg, 0, 1, 0
cropped_left_cheek_1696929690_jpg.rf.99cf734dd8af0bcb11e2adead667725b.jpg, 0, 0, 1
cropped_forehead_1696927031_jpg.rf.9a35731a6515f84a63e55e47355f6869.jpg, 1, 0, 0
cropped_chin_1696927032_jpg.rf.9a937ef88faa2196aead867ccb1b1049.jpg, 1, 0, 0
cropped_chin_1696927031_jpg.rf.9c85bb68bc752126f80c5e0f3a12b522.jpg, 1, 0, 0
oily_skin1_jpg.rf.9e46bf5872b031ef7756e71d821cd617.jpg, 0, 0, 1
cropped_left_cheek_1696927022_jpg.rf.99a66558d70262d634572a0f32325d57.jpg, 1, 0, 0
cropped_left_cheek_1696927027_jpg.rf.9c2b4a58027f64aa11af70bc5edc3100.jpg, 1, 0, 0
normal_skin4_jpg.rf.9d272c5531d673ef8c6f8e87a01c36b4.jpg, 0, 1, 0
cropped_forehead_1696929679_jpg.rf.9b645c9f7e97d7bad5a08bfe3f0d0344.jpg, 0, 0, 1
cropped_chin_1696927031_jpg.rf.9d1689ba8eab543023a174c52d8e0892.jpg, 1, 0, 0
cropped_right_cheek_1696927016_jpg.rf.9e4b2460bb6997162c617c55f0843b9d.jpg, 1, 0, 0
cropped_chin_1696929899_jpg.rf.9aa00e48b8d36458c716e6c2caa0e7fe.jpg, 0, 1, 0
cropped_chin_1696929893_jpg.rf.9cc14077ff2ef2f524ff0ff26bb64054.jpg, 0, 1, 0
cropped_forehead_1696929885_jpg.rf.9ba5f148fe7fac973fb38775e06c6ff6.jpg, 0, 1, 0
cropped_left_cheek_1696927027_jpg.rf.9e0d8a6f6194c94493bc25452f575622.jpg, 1, 0, 0
normal_skin10_jpg.rf.9fd75e1b55e920939c32ec84002bdfbc.jpg, 0, 1, 0
maxresdefault-1-3_jpg.rf.9ff37c510701aa043b38b635c4d77b63.jpg, 0, 0, 1
cropped_right_cheek_1696929883_jpg.rf.9f37df5d7f305d56c506bfce01c6eb04.jpg, 0, 1, 0
cropped_chin_1696929897_jpg.rf.a00485ba3a2e224cb707e53637676149.jpg, 0, 1, 0
what-is-oily-skin-1_webp.rf.9e8d1bd779c020854f1f8317034eef3a.jpg, 0, 0, 1
cropped_forehead_1696927029_jpg.rf.a1448cc0aa5f6807cb8e967229f3f028.jpg, 1, 0, 0
normal_skin_jpg.rf.a0896eb4609950a74169da90bb07f6ea.jpg, 0, 1, 0
cropped_forehead_1696929690_jpg.rf.9d2a33b94a7ded75aa7785ca85279787.jpg, 0, 0, 1
normal_skin4_jpg.rf.a1035ebbfb18e26015e344607be0ac70.jpg, 0, 1, 0
oily_skin-3-_jpg.rf.a191b5eaf715dfcf88337477217fd6b4.jpg, 0, 0, 1
dry_skin3_jpg.rf.9f4ec9ad76e4dc365cc8898a968afe36.jpg, 1, 0, 0
cropped_right_cheek_1696929695_jpg.rf.a6e499236997ea01528ce6999da3651d.jpg, 0, 0, 1
cropped_forehead_1696929900_jpg.rf.a43d962d0d9ebba318be1af343c9da11.jpg, 0, 1, 0
cropped_chin_1696927029_jpg.rf.a83865cd8305cf8a5cbabdf1d318c14a.jpg, 1, 0, 0
oily_skin-1-_jpg.rf.a752664f2cb223be658c917bcb14c823.jpg, 0, 0, 1
cropped_right_cheek_1696927031_jpg.rf.a6dd8c7cc2d06f0bf3f28212ca1b5170.jpg, 1, 0, 0
cropped_right_cheek_1696929883_jpg.rf.a397944eedd019014fa3ac29f0b55a36.jpg, 0, 1, 0
cropped_chin_1696927030_jpg.rf.a47492e8a794356341a6f019f131c783.jpg, 1, 0, 0
Evidence-Based_210449b6-c85b-46db-8758-c264dfbc83bc_1024x400_webp.rf.a627bfa5e4bd6b1d0b9bbf49f8edad47.jpg, 0, 0, 1
dry_jpg.rf.a7908241a93076bed59f4dbde39e0e36.jpg, 1, 0, 0
cropped_right_cheek_1696929691_jpg.rf.a39f77f49084a86ea6135bd54ea2b15b.jpg, 0, 0, 1
cropped_right_cheek_1696927027_jpg.rf.a65cc79306c8a61f0409faa544a45eef.jpg, 1, 0, 0
cropped_left_cheek_1696929900_jpg.rf.a3eb91c62dfe3e90ccf97be5e395ca70.jpg, 0, 1, 0
cropped_left_cheek_1696927022_jpg.rf.a3e652d215ece72963c7ba4ff1ba2e20.jpg, 1, 0, 0
normal_skin_jpg.rf.a457abab5cd0decd0f5de609ccaebc03.jpg, 0, 1, 0
cropped_forehead_1696929898_jpg.rf.a4ef53fca8369796f8801c65b65db467.jpg, 0, 1, 0
glowrecipe_plummodel_0559_webp.rf.a75842b8ec7d85c88d9c27f67d57d14e.jpg, 0, 0, 1
cropped_chin_1696927032_jpg.rf.a24dd730da5f79f01c50040a98637afa.jpg, 1, 0, 0
cropped_right_cheek_1696929884_jpg.rf.a69e23fc7efbc02ffdc0987e247c133b.jpg, 0, 1, 0
cropped_chin_1696929885_jpg.rf.a1d50b3f8070e11d25e00b41a40fcb06.jpg, 0, 1, 0
normal_skin_jpg.rf.a1f748b1b277294a1563685b8ef9f212.jpg, 0, 1, 0
cropped_left_cheek_1696927022_jpg.rf.a8467e782fd715e72c4b03efc3548d8d.jpg, 1, 0, 0
normal_skin5_jpg.rf.a89fec4d59f9fe529d2bfc04d9274bd2.jpg, 0, 1, 0
normal_skin2_jpg.rf.a807f298fadf1657e5032ef1b8ca97f3.jpg, 0, 1, 0
dry_skin-2_jpg.rf.a8ba276b0447dbd31eb98aba55459f05.jpg, 1, 0, 0
cropped_chin_1696929691_jpg.rf.a9bb082157fec8bbde636100602fc985.jpg, 0, 0, 1
cropped_chin_1696929893_jpg.rf.aa5b1912d4144dc103f5fe9dbaa1f414.jpg, 0, 1, 0
cropped_right_cheek_1696927023_jpg.rf.a1d573389df6ee69cb105ba1a2adab2d.jpg, 1, 0, 0
cropped_right_cheek_1696929885_jpg.rf.a94aee606d46e63eacb6cd6929e42f3a.jpg, 0, 1, 0
cropped_left_cheek_1696929690_jpg.rf.a8a090b5f57ea91a7c676c15ed8917dc.jpg, 0, 0, 1
cropped_left_cheek_1696929900_jpg.rf.ab9fc47994222c08c4482e7d9c82a9f4.jpg, 0, 1, 0
dry_skin4_jpg.rf.a83bb5105b9a4f671ccda165c68ee270.jpg, 1, 0, 0
oily_skin-3-_jpg.rf.ab3d2cfde1184b3c33a8bf0a00d935cb.jpg, 0, 0, 1
cropped_left_cheek_1696929679_jpg.rf.a9e04f88dc7122b3d7bb0dfd78542db0.jpg, 0, 0, 1
oily_skin-8-_jpg.rf.a35577896f0d7de19405bf9246085844.jpg, 0, 0, 1
cropped_forehead_1696929695_jpg.rf.ab5e267589f58bc0ebc0a445f99c6d03.jpg, 0, 0, 1
oily_skin2_jpg.rf.ac1f4475dbb34a9011b720c5799e8318.jpg, 0, 0, 1
cropped_chin_1696929894_jpg.rf.ab69563e289ec89a3371b9b864356c2a.jpg, 0, 1, 0
437vtvelbi061_jpg.rf.aa746fa58282c619446bb4097eb7f068.jpg, 0, 0, 1
oily_skin-9-_jpg.rf.ac8a786a8e28c9ef8b80a01ff6fd0a6b.jpg, 0, 0, 1
dry_skin1_jpg.rf.af0ef68d25eb58f05cb04654fb0778e3.jpg, 1, 0, 0
oily_skin-7_jpg.rf.ab1d437208ea1d397bd41ec02de1508e.jpg, 0, 0, 1
cropped_chin_1696927015_jpg.rf.aa8cb6e6860232dbe693f9045fd070d6.jpg, 1, 0, 0
cropped_left_cheek_1696927015_jpg.rf.ad0e554615f0d16932723c07be01ee3b.jpg, 1, 0, 0
cropped_chin_1696929690_jpg.rf.ab32d3fbf399dfb1d00d4d6e6e315198.jpg, 0, 0, 1
cropped_left_cheek_1696929897_jpg.rf.ad8f1f33344ec1830d8e6e24cdcbc6f1.jpg, 0, 1, 0
oily_skin-1-_jpg.rf.a8da8123bbc376a27a4288289e6fa1e5.jpg, 0, 0, 1
cropped_chin_1696929900_jpg.rf.adc6a279e5d2cefb1015c9f0270ac524.jpg, 0, 1, 0
dry_skin-2_jpg.rf.ab99977811b5077a7f43b87bbb6cc338.jpg, 1, 0, 0
cropped_chin_1696929884_jpg.rf.ada87b891d2086e083689d8469511009.jpg, 0, 1, 0
oily_skin-8-_jpg.rf.adca2dd27dc13cbbf8ceb8e0936d9838.jpg, 0, 0, 1
cropped_chin_1696929887_jpg.rf.b132a86f50dce4016a4e721be564f491.jpg, 0, 1, 0
dry_skin-1-_jpg.rf.b141eb2c1dc96dfd8ca11d400625b967.jpg, 1, 0, 0
cropped_right_cheek_1696927023_jpg.rf.b4d242da3e1bfafc66b824f625365100.jpg, 1, 0, 0
oily_skin2_jpg.rf.b1b95302f22719d81daf08d18e97a2dd.jpg, 0, 0, 1
cropped_chin_1696929690_jpg.rf.b1516c0b288cc59b9c0c20c3d13c4a8b.jpg, 0, 0, 1
cropped_chin_1696929680_jpg.rf.ad28851eab03877fbe3eced4e6398bee.jpg, 0, 0, 1
normal_skin2_jpg.rf.b1854cae34a3d97a73611a3d3ae25498.jpg, 0, 1, 0
oily_skin-1-_jpg.rf.b171667786d93f516e59e416e25cbdf8.jpg, 0, 0, 1
1_webp.rf.b02f381cf6e720dbdb5e19e5a7b66d94.jpg, 0, 0, 1
cropped_forehead_1696929695_jpg.rf.af81a92d3c9c20bc01294f535f3f2cb5.jpg, 0, 0, 1
cropped_chin_1696927023_jpg.rf.af6523f49fa132fe2ae4a51f895c4ca0.jpg, 1, 0, 0
cropped_right_cheek_1696929690_jpg.rf.b5c78deb226865d6c5ed15aed6552e58.jpg, 0, 0, 1
dry-skin-as-shown-on-chapped-hand-palm_webp.rf.af55637286cef004b46e6d42f1600242.jpg, 1, 0, 0
normal_skin9_jpg.rf.b216806745436e4209b10c5b379bb14b.jpg, 0, 1, 0
10-thumbnail_webp.rf.b2c55a92e10222b9f0172d662abfff34.jpg, 0, 0, 1
cropped_chin_1696929691_jpg.rf.b30095b4ca0630bb8b236334eb7d036d.jpg, 0, 0, 1
dryskin2-scaled-1_jpeg.rf.b5ccce82487c32eb7d72475bf051939c.jpg, 1, 0, 0
cropped_right_cheek_1696929891_jpg.rf.af8483a06e0400620daa37b94dac0ab0.jpg, 0, 1, 0
cropped_chin_1696929680_jpg.rf.b40051d04658cf0e38d1d579d3cf3bdb.jpg, 0, 0, 1
cropped_left_cheek_1696929885_jpg.rf.b51e6620cf3acb95fe6f174254415303.jpg, 0, 1, 0
oily_skin-3-_jpg.rf.b515e120365d25253bfb99d676dfd022.jpg, 0, 0, 1
cropped_left_cheek_1696927015_jpg.rf.b44fe2ba12d38b4504ec765102000ed0.jpg, 1, 0, 0
cropped_left_cheek_1696929893_jpg.rf.b5d3891bcd6652157de8b0d0ceed2077.jpg, 0, 1, 0
normal_skin7_jpg.rf.b5e9e441d79a822ab5b2da4b8d5e1763.jpg, 0, 1, 0
cropped_right_cheek_1696929901_jpg.rf.b1a51e6fc9feae35d6a4c426c0649c4a.jpg, 0, 1, 0
dry_skin1_jpg.rf.b5f356ac0a7b2ba4b2ffc3b42bb3e82c.jpg, 1, 0, 0
normal_skin_jpg.rf.b6218784dd41110ed6415e9661c81b70.jpg, 0, 1, 0
cropped_chin_1696929899_jpg.rf.b4c1f69f622172cb5fd0616be4aa7855.jpg, 0, 1, 0
cropped_right_cheek_1696927019_jpg.rf.b7ea18e89b19094c39a4086b3d739e7e.jpg, 1, 0, 0
cropped_left_cheek_1696927015_jpg.rf.b7e1e441f2b85bd631422d847997d652.jpg, 1, 0, 0
cropped_right_cheek_1696929901_jpg.rf.b76b062be76a5b3d9b5eb0787f9fe69b.jpg, 0, 1, 0
dry_skin1_jpg.rf.b7e46eb6b448dbf24c4f6a1eb1ae7d82.jpg, 1, 0, 0
cropped_forehead_1696929893_jpg.rf.b7ca86817a365751c0e039615e356ecd.jpg, 0, 1, 0
cropped_forehead_1696927018_jpg.rf.b8974a3c9a0bcf0c3a7c89f62717af5d.jpg, 1, 0, 0
cropped_right_cheek_1696927016_jpg.rf.b77b242f64cc1f125a475086e2d250fd.jpg, 1, 0, 0
close-view-womans-oily-skin-260nw-2145639363_webp.rf.b90749e46b05e04b2c095707ef823bef.jpg, 0, 0, 1
Evidence-Based_210449b6-c85b-46db-8758-c264dfbc83bc_1024x400_webp.rf.b6cf772fe26365fc26041f9b156eee87.jpg, 0, 0, 1
cropped_right_cheek_1696929883_jpg.rf.b78e652e598677d64d71207dd3992e3f.jpg, 0, 1, 0
cropped_chin_1696927014_jpg.rf.bae5adec6306e0219143787f1ddede0e.jpg, 1, 0, 0
Evidence-Based_210449b6-c85b-46db-8758-c264dfbc83bc_1024x400_webp.rf.b858f19f1fc035c9dd7de1126501e947.jpg, 0, 0, 1
normal_skin-15-_jpg.rf.bb502ba3cbfe9fce9fc801a257ef5c85.jpg, 0, 1, 0
dry_skin-2_jpg.rf.b9e2bb4d1b36af24c6629840cdc6e23e.jpg, 1, 0, 0
cropped_chin_1696927029_jpg.rf.ba244af2e22ae980c46ed2a856495dd7.jpg, 1, 0, 0
cropped_forehead_1696927024_jpg.rf.b9c7afb280841274688a21f4c746374d.jpg, 1, 0, 0
cropped_chin_1696929680_jpg.rf.b89c2cb13870d311ef99014414d120f5.jpg, 0, 0, 1
cropped_chin_1696929885_jpg.rf.b8cf750507e3d3498193506dc6f3cc61.jpg, 0, 1, 0
cropped_left_cheek_1696929897_jpg.rf.b91ee6457035f478653f85a9ac163aa9.jpg, 0, 1, 0
cropped_chin_1696927016_jpg.rf.bc737c82ff4fffd76fd6510bd8909839.jpg, 1, 0, 0
cropped_right_cheek_1696929696_jpg.rf.bc6483bf73073e3f1940d8c61d2cc759.jpg, 0, 0, 1
cropped_forehead_1696927031_jpg.rf.bae6f13065cd1b82f5e017f37404f924.jpg, 1, 0, 0
what-is-oily-skin-1_webp.rf.bb265f740960fd1d47a3bdf480a5d163.jpg, 0, 0, 1
oily_skin-1-_jpg.rf.bb73a7e7276a7dcb0c38f4d35e7ec524.jpg, 0, 0, 1
cropped_forehead_1696929685_jpg.rf.bc0d2aae34a5921f7877c000da012187.jpg, 0, 0, 1
cropped_right_cheek_1696929688_jpg.rf.bbc839ccc86610323b516a1f9e6e4399.jpg, 0, 0, 1
cropped_forehead_1696929901_jpg.rf.bdc417d8ca1e96ac39391d3ecf30fdb1.jpg, 0, 1, 0
augOily_7_jpg.rf.ba561345a05e6540773196198a51bdce.jpg, 0, 0, 1
cropped_left_cheek_1696929900_jpg.rf.b9e230c100d157f9875d5680989f2c1c.jpg, 0, 1, 0
cropped_right_cheek_1696929884_jpg.rf.bddd5dc42dd5b0daf32f0049c3a66d54.jpg, 0, 1, 0
normal_skin12_jpg.rf.be7a6cdf54dcc1c98a69c365f162ef11.jpg, 0, 1, 0
cropped_chin_1696929687_jpg.rf.bf8cbc4907814d482eb8624d658d49e7.jpg, 0, 0, 1
Acne_vulgaris_on_a_very_oily_skin_jpg.rf.c050592ff30b1b5d647ff5c31c61653b.jpg, 0, 0, 1
cropped_left_cheek_1696929897_jpg.rf.bf550d07b67da16145a4d1d8cabcde08.jpg, 0, 1, 0
cropped_left_cheek_1696929897_jpg.rf.bf5a54f2c51ee0a9ac302d946158efb8.jpg, 0, 1, 0
cropped_left_cheek_1696929679_jpg.rf.c0a01bfcda8f4939f56dda10be5992ca.jpg, 0, 0, 1
cropped_right_cheek_1696927029_jpg.rf.bedb0651c3b4322edcdc9c91b7a32d22.jpg, 1, 0, 0
oily_skin-9-_jpg.rf.c1b5fc0e3395fc0460e67531d4c6ca68.jpg, 0, 0, 1
dl1gkyyakrd11_webp.rf.be1a6fa420f2917d8a78db766ed93f39.jpg, 0, 0, 1
cropped_chin_1696929694_jpg.rf.c27d8617e31e0cfcefc5df34cae0c1ce.jpg, 0, 0, 1
oily_skin-1-_jpg.rf.c22ce48f33b260ab1a79a894c619502c.jpg, 0, 0, 1
cropped_left_cheek_1696929889_jpg.rf.be70e15801161540b697bf3d70d7142f.jpg, 0, 1, 0
normal_skin12_jpg.rf.c1ca73d9ea1d9a05c71241c9c05a76f3.jpg, 0, 1, 0
cropped_right_cheek_1696927016_jpg.rf.be82af23fbc9ae406010f1ef56b44f89.jpg, 1, 0, 0
cropped_left_cheek_1696929690_jpg.rf.be576c1345d0ae6a3c9003a15b703512.jpg, 0, 0, 1
cropped_left_cheek_1696927032_jpg.rf.c24fc828bd3479459aca99e504dacbb6.jpg, 1, 0, 0
cropped_right_cheek_1696929885_jpg.rf.c26d4ce8ae8b01ea43525f4c321ff2d0.jpg, 0, 1, 0
cropped_right_cheek_1696929899_jpg.rf.c02efc6aac80614f569b950a7404b0cb.jpg, 0, 1, 0
cropped_right_cheek_1696929696_jpg.rf.c37073bdf99adf51ca9a3ec719e661cb.jpg, 0, 0, 1
cropped_chin_1696929893_jpg.rf.c274aefffb459f11b1b641e6f3099180.jpg, 0, 1, 0
normal_skin-15-_jpg.rf.c51a5a863c270629868a81b69e5ad3be.jpg, 0, 1, 0
normal_skin6_jpg.rf.c5227fdc8a780c8a9408b83a4d84179d.jpg, 0, 1, 0
cropped_right_cheek_1696929886_jpg.rf.c38a545a1df5e995beb1407d9f4319c6.jpg, 0, 1, 0
cropped_chin_1696929893_jpg.rf.c2e2ad9aadefcab07c938fe665b895b0.jpg, 0, 1, 0
oily_skin-4-_jpg.rf.c57044ea7b915b96b0b2916b30176e04.jpg, 0, 0, 1
cropped_right_cheek_1696929885_jpg.rf.c6587e4959f2bd631f67136f6b2065d8.jpg, 0, 1, 0
oily_skin-7_jpg.rf.c3d097702414630abc394c88a9923b7d.jpg, 0, 0, 1
cropped_chin_1696929680_jpg.rf.bfa320d19b89d820bed448c20b4ee4c6.jpg, 0, 0, 1
cropped_forehead_1696927029_jpg.rf.c5667550ef78ed0d3193aba6ed468a03.jpg, 1, 0, 0
cropped_left_cheek_1696929696_jpg.rf.c4ee18feefe076dafba278be79bdf01b.jpg, 0, 0, 1
cropped_right_cheek_1696929679_jpg.rf.c7fdf350531d4655133fe15fe6c4afbe.jpg, 0, 0, 1
cropped_right_cheek_1696927022_jpg.rf.caf1c4b1ab5a5ebd2d231bc5e3540f55.jpg, 1, 0, 0
normal_skin4_jpg.rf.c7468586b34e0474d6c3b69cfb918518.jpg, 0, 1, 0
cropped_right_cheek_1696927022_jpg.rf.c697d02cd9ce7688004fa8357d549f38.jpg, 1, 0, 0
cropped_chin_1696929889_jpg.rf.cb4de2814d95f403e765a375ce7103c4.jpg, 0, 1, 0
cropped_right_cheek_1696927022_jpg.rf.c40f7b0953e805b2e4ba453d7aa2bef1.jpg, 1, 0, 0
cropped_forehead_1696929891_jpg.rf.cc6d8692548f0d0771cdf6124fa70dcc.jpg, 0, 1, 0
cropped_chin_1696929695_jpg.rf.bfae2b8a84117e628ad28e4bd05e5861.jpg, 0, 0, 1
cropped_right_cheek_1696929891_jpg.rf.ca6ccf8ed6162fc72f0509ed0139ef19.jpg, 0, 1, 0
dry_jpg.rf.cc6adf7e1c089ea40321a376ff3ce26a.jpg, 1, 0, 0
oily_skin-1-_jpg.rf.c89e35be88e9d2444241a1f3677f3969.jpg, 0, 0, 1
cropped_right_cheek_1696929694_jpg.rf.cc054e30a06299493aeca8c9976a6d38.jpg, 0, 0, 1
cropped_chin_1696929684_jpg.rf.c8d8079e3bc7841a1f2354026a1b3ada.jpg, 0, 0, 1
cropped_left_cheek_1696929696_jpg.rf.c4ed4f0a6f505f3965c57760bfafc2ab.jpg, 0, 0, 1
cropped_right_cheek_1696929679_jpg.rf.c7da3b5c7c7e911eec5b792c99887213.jpg, 0, 0, 1
cropped_chin_1696929680_jpg.rf.c9001c6116a5517a2805fe17c7905cae.jpg, 0, 0, 1
cropped_forehead_1696929691_jpg.rf.cba94bb82829a05a792d9bbde1c6e41a.jpg, 0, 0, 1
cropped_right_cheek_1696929891_jpg.rf.cda98d54bd8c5576affad8cc09c1eb71.jpg, 0, 1, 0
cropped_chin_1696927029_jpg.rf.cc3c856d664e0c61b177da4316e69e03.jpg, 1, 0, 0
cropped_forehead_1696929690_jpg.rf.cd3e1df539047c7d9c3b881504f57ba7.jpg, 0, 0, 1
normal_skin3_jpg.rf.cd299ada8eaa99b148d4119cac6241e8.jpg, 0, 1, 0
cropped_left_cheek_1696929686_jpg.rf.cc3447881cc9300328b32cbe0ff71438.jpg, 0, 0, 1
1_webp.rf.cdec09b0bc275b84300e5d823ab848d0.jpg, 0, 0, 1
normal_skin10_jpg.rf.c2f4e453876dd4cd786566a7d9f8c875.jpg, 0, 1, 0
why_oily_blemish_prone_skin_needs_moisturizer_slmd_skincare_featured_webp.rf.cd495882d86a1f3d601ff292a6d94540.jpg, 0, 0, 1
cropped_right_cheek_1696929688_jpg.rf.c895bde3a6f28963c3703c63458ceaeb.jpg, 0, 0, 1
oily_skin-12-_jpg.rf.d012ce6edfda344ab397019429dce5d2.jpg, 0, 0, 1
cropped_left_cheek_1696929897_jpg.rf.cf64dc887a3e2b34754958b9f495c128.jpg, 0, 1, 0
oily_skin-4-_jpg.rf.ce6a6c0a1299c947f8d96e2559db81ef.jpg, 0, 0, 1
cropped_chin_1696929694_jpg.rf.d1a521ba7d174522a10fb3c53bc1c157.jpg, 0, 0, 1
dry_skin4_jpg.rf.d18cec6f066af9eb9764ce8d7be29f48.jpg, 1, 0, 0
cropped_left_cheek_1696927027_jpg.rf.d1c9b6bb213855d4d14715f6508762fb.jpg, 1, 0, 0
oily_skin-2-_jpg.rf.d3cb84978f9170fac77fc7f22246ce00.jpg, 0, 0, 1
cropped_chin_1696927023_jpg.rf.d0f00e2ee2787b2ce6e6772e18850f51.jpg, 1, 0, 0
cropped_chin_1696927029_jpg.rf.d6f8cd04f5665368d8f89c62f6a60449.jpg, 1, 0, 0
cropped_right_cheek_1696929691_jpg.rf.d1330c2b3fec91e2be8d8d81de4c7159.jpg, 0, 0, 1
why_oily_blemish_prone_skin_needs_moisturizer_slmd_skincare_featured_webp.rf.d43a37da700da990502f96237e74a48e.jpg, 0, 0, 1
cropped_forehead_1696929685_jpg.rf.d32b6ca8bbf4c96461f383fa681414d8.jpg, 0, 0, 1
cropped_chin_1696929679_jpg.rf.d0258a9619440265a3ae549b0318a1e1.jpg, 0, 0, 1
cropped_right_cheek_1696927029_jpg.rf.d37a691b9ae90da51aefa077f86543c3.jpg, 1, 0, 0
dry_skin2_jpg.rf.d38306e326973fc452cda74ed403f563.jpg, 1, 0, 0
cropped_forehead_1696929889_jpg.rf.d2c79c1c11a138b04f0f6e193f5a9f81.jpg, 0, 1, 0
dl1gkyyakrd11_webp.rf.d693480c83b787e6b50454f3b311a745.jpg, 0, 0, 1
oily_skin-9-_jpg.rf.d5b1d935dabe5024819798a8f19944e0.jpg, 0, 0, 1
normal_skin3_jpg.rf.d56cb701b46a6e35eb5d4bb460357de3.jpg, 0, 1, 0
cropped_forehead_1696929888_jpg.rf.d5e29d2cb5f89ff96963dd25206b53d2.jpg, 0, 1, 0
1-1-_webp.rf.d48a0d89599eadcef2ec9457f1302159.jpg, 0, 0, 1
cropped_forehead_1696929898_jpg.rf.d2a8333c13b29f17ce864f0a6168cb17.jpg, 0, 1, 0
cropped_right_cheek_1696929891_jpg.rf.d7392c48d8ad8b64de6cbd9804b6053a.jpg, 0, 1, 0
normal_skin_jpg.rf.d6e7b626349df7229e1394931801af9f.jpg, 0, 1, 0
cropped_right_cheek_1696929894_jpg.rf.d3f36f4fe0f2479bc3897887f4ebad95.jpg, 0, 1, 0
normal_skin_jpg.rf.d1d3d2891936629462c3fa8b70c7ccce.jpg, 0, 1, 0
cropped_left_cheek_1696929690_jpg.rf.d8ff5e2ec40c90940758c4524c2e83ad.jpg, 0, 0, 1
cropped_forehead_1696929898_jpg.rf.d76cbd8a7c9513676675f959e46b9e11.jpg, 0, 1, 0
cropped_forehead_1696929889_jpg.rf.d4ea562f950dbfe2ba0ede7e05b3d61d.jpg, 0, 1, 0
oily_skin-8-_jpg.rf.d716b998fd6e46a639da102fcc2a28eb.jpg, 0, 0, 1
dry_skin4_jpg.rf.d9a782d2992b3d04b7540a0ec0577269.jpg, 1, 0, 0
woman-dry-skin-on-face-600nw-2235763147_webp.rf.d96367c6dda665bea31ba572348736d0.jpg, 1, 0, 0
cropped_forehead_1696929893_jpg.rf.ddef18d5489937ae4eab397e74e63f1c.jpg, 0, 1, 0
normal_skin10_jpg.rf.d97e0c24c6b2135effd069c00f7aed9d.jpg, 0, 1, 0
cropped_forehead_1696929680_jpg.rf.db7235934977ef141b6768284329ba4e.jpg, 0, 0, 1
oily_skin-1-_jpg.rf.dbe258f21d4a0aec787acf0995cbe08e.jpg, 0, 0, 1
cropped_forehead_1696929694_jpg.rf.d93f7f1e5abc80398e0b1fb8afe5a9b2.jpg, 0, 0, 1
cropped_right_cheek_1696927031_jpg.rf.d850723c818cf2d94ba4688cc6ae4411.jpg, 1, 0, 0
cropped_forehead_1696929679_jpg.rf.ddaca7ec2655d5dc7380c7271ab5899a.jpg, 0, 0, 1
normal_skin_jpg.rf.dd38aab4de51fe5487a7aba831a0722a.jpg, 0, 1, 0
dry_skin-1-_jpg.rf.de5eaa34960b38f6283b8b8822839af8.jpg, 1, 0, 0
cropped_right_cheek_1696927019_jpg.rf.daeae1c766cc738e7a0fd766a7b31218.jpg, 1, 0, 0
cropped_left_cheek_1696927030_jpg.rf.dd739ae01aa21b2d89cc97d3fd359d25.jpg, 1, 0, 0
cropped_chin_1696929896_jpg.rf.db3e7c4d6752ea661d9012cf07f36d8c.jpg, 0, 1, 0
cropped_chin_1696929896_jpg.rf.d814e0a09c456fa24d2980b89870ada5.jpg, 0, 1, 0
cropped_right_cheek_1696929894_jpg.rf.dd7b1300ea2c6f88aee13a2bac8398ef.jpg, 0, 1, 0
dfb3cf17-c47e-40d9-a330-2dfdcd5de408_webp.rf.dec5376c10392a91e52d1e70ace40587.jpg, 0, 0, 1
cropped_left_cheek_1696929888_jpg.rf.de2daea58bc82f7ed6dd0ecb76310bd8.jpg, 0, 1, 0
oily_skin2_jpg.rf.dd3ea3b5ad05c0f740465ce3ae4cd454.jpg, 0, 0, 1
cropped_left_cheek_1696927015_jpg.rf.dde18e7b75051d7d60a0a913a73589dd.jpg, 1, 0, 0
oily_skin-2-_jpg.rf.de537ff38500df368a9a200851cf29d6.jpg, 0, 0, 1
dry_skin3_jpg.rf.e03bfc32d8b4696123c7158104ef6913.jpg, 1, 0, 0
cropped_forehead_1696929679_jpg.rf.dfcb03d659c01540ab301ede3839001c.jpg, 0, 0, 1
cropped_forehead_1696929889_jpg.rf.e19724f0c4e900bd5684c050661620d9.jpg, 0, 1, 0
cropped_forehead_1696927019_jpg.rf.d7a96722a3c989d9da51f8eb67055948.jpg, 1, 0, 0
cropped_forehead_1696929900_jpg.rf.dad8e91c44e0b98cc5adb0aab808a66d.jpg, 0, 1, 0
cropped_chin_1696929691_jpg.rf.e0095ee78c5c4f2c2bda0890bbd6443c.jpg, 0, 0, 1
cropped_left_cheek_1696927022_jpg.rf.e315a183f696cc6a222c84e8a30c0383.jpg, 1, 0, 0
normal_skin-16-_jpg.rf.e245ca35632c5803106d0514e3699a01.jpg, 0, 0, 1
cropped_right_cheek_1696929887_jpg.rf.e40b4c19df604204fa6afdd7342ac3f3.jpg, 0, 1, 0
oily_skin-4-_jpg.rf.df72a720c4e48a9813c1b12f639dbd68.jpg, 0, 0, 1
ju7gcl9vq3771_webp.rf.e4b0595d4f78ca8612f202052f0683da.jpg, 0, 0, 1
cropped_chin_1696929687_jpg.rf.e0ac592d2249dc7fa91ffa03c837bf9c.jpg, 0, 0, 1
cropped_left_cheek_1696927032_jpg.rf.e33a92a630bf47355f6d472ada9da43a.jpg, 1, 0, 0
cropped_forehead_1696929901_jpg.rf.e363f21951181d25440b47620f725d5c.jpg, 0, 1, 0
cropped_right_cheek_1696929886_jpg.rf.e43eab704b63d83d4b8f889be04e40f5.jpg, 0, 1, 0
cropped_right_cheek_1696927029_jpg.rf.e5542f8e4a148621714678b14ebf8e8b.jpg, 1, 0, 0
cropped_chin_1696929679_jpg.rf.e0880ad2e976b2ab6d665de39b0a2d80.jpg, 0, 0, 1
dry_skin-2_jpg.rf.d912dac6e24043cc19e58f8c290825c9.jpg, 1, 0, 0
oily_skin2_jpg.rf.e148871987f99aadc86d989d81464cb9.jpg, 0, 0, 1
cropped_left_cheek_1696929679_jpg.rf.e3f8d692979e4126b703e40d7d3a0050.jpg, 0, 0, 1
normal_skin4_jpg.rf.e2788ccca24ba4083dd5ea26e480174d.jpg, 0, 1, 0
oily_skin-2-_jpg.rf.e572136439c420294b50d0f74525f213.jpg, 0, 0, 1
oily_skin-6_jpg.rf.e23494b9dfcbc63fd2e15ebf1c57c4ff.jpg, 0, 0, 1
cropped_chin_1696927031_jpg.rf.e6442998a1ae12aac5dcea470747c7db.jpg, 1, 0, 0
cropped_forehead_1696927031_jpg.rf.e5a5a128b953aac2031077982af313a7.jpg, 1, 0, 0
cropped_left_cheek_1696929898_jpg.rf.e5b3ca309cedbff1dfb275ece407b3e8.jpg, 0, 1, 0
dl1gkyyakrd11_webp.rf.e65a2a027b015a59fc9cf6def97e0dc7.jpg, 0, 0, 1
normal_skin9_jpg.rf.e382cdeb85b28cab2d7ecfbc82eafe83.jpg, 0, 1, 0
cropped_left_cheek_1696929898_jpg.rf.e4d312f947c2b531834120b953471eca.jpg, 0, 1, 0
oily_skin-8-_jpg.rf.e0dd20348e38927c8662da5b908e0cea.jpg, 0, 0, 1
cropped_chin_1696929683_jpg.rf.e576e090500c92ed56b5b96a893ed81a.jpg, 0, 0, 1
cropped_left_cheek_1696929900_jpg.rf.e63489599bdaf6595e90cc4e5d5b8506.jpg, 0, 1, 0
Oily_Skin_Looks_Shiny_and_Has_Enlarged_Pores_400x400-jpg_webp.rf.e5c10bebe84ac93b372ad16690539a10.jpg, 0, 0, 1
cropped_left_cheek_1696929690_jpg.rf.e598a4e36d7fab3d7a688f1e0f0b916e.jpg, 0, 0, 1
dry3_jpg.rf.e59537b5cf31d6c2064592da77e9b585.jpg, 1, 0, 0